status;jordan_qualitaet;mplus_produkt;farbnr;jordan_farbe;jordan_artikelnummern;mplus_farbe;mplus_artikelnummer;jordan;mplus;wunschmass;kettelung;bevorzugt;alternativ;hinweis
NO_MATCH;Omega;;0;x 400,0;TEPOMEG4;;;ja;nein;ja;ja;jordan;;nur Jordan
NO_MATCH;Omega;;106;Farbe 106;TEPOMEG4_106;;;ja;nein;ja;ja;jordan;;nur Jordan
NO_MATCH;Omega;;107;Farbe 107;TEPOMEG4_107;;;ja;nein;ja;ja;jordan;;nur Jordan
NO_MATCH;Omega;;205;Farbe 205;TEPOMEG4_205;;;ja;nein;ja;ja;jordan;;nur Jordan
NO_MATCH;Omega;;304;Farbe 304;TEPOMEG4_304;;;ja;nein;ja;ja;jordan;;nur Jordan
NO_MATCH;Omega;;307;Farbe 307;TEPOMEG4_307;;;ja;nein;ja;ja;jordan;;nur Jordan
NO_MATCH;Omega;;309;Farbe 309;TEPOMEG4_309;;;ja;nein;ja;ja;jordan;;nur Jordan
NO_MATCH;Omega;;403;Farbe 403;TEPOMEG4_403;;;ja;nein;ja;ja;jordan;;nur Jordan
NO_MATCH;Omega;;405;Farbe 405;TEPOMEG4_405;;;ja;nein;ja;ja;jordan;;nur Jordan
NO_MATCH;Omega;;406;Farbe 406;TEPOMEG4_406;;;ja;nein;ja;ja;jordan;;nur Jordan
NO_MATCH;Omega;;407;Farbe 407;TEPOMEG4_407;;;ja;nein;ja;ja;jordan;;nur Jordan
NO_MATCH;Omega;;508;Farbe 508;TEPOMEG4_508;;;ja;nein;ja;ja;jordan;;nur Jordan
NO_MATCH;Omega;;514;Farbe 514;TEPOMEG4_514;;;ja;nein;ja;ja;jordan;;nur Jordan
NO_MATCH;Omega;;515;Farbe 515;TEPOMEG4_515;;;ja;nein;ja;ja;jordan;;nur Jordan
NO_MATCH;Omega;;516;Farbe 516;TEPOMEG4_516;;;ja;nein;ja;ja;jordan;;nur Jordan
NO_MATCH;Omega;;704;Farbe 704;TEPOMEG4_704;;;ja;nein;ja;ja;jordan;;nur Jordan
NO_MATCH;Omega;;705;Farbe 705;TEPOMEG4_705;;;ja;nein;ja;ja;jordan;;nur Jordan
NO_MATCH;Omega;;706;Farbe 706;TEPOMEG4_706;;;ja;nein;ja;ja;jordan;;nur Jordan
NO_MATCH;Omega;;902;Farbe 902;TEPOMEG4_902;;;ja;nein;ja;ja;jordan;;nur Jordan
NO_MATCH;Omega;;904;Farbe 904;TEPOMEG4_904;;;ja;nein;ja;ja;jordan;;nur Jordan
NO_MATCH;Maidan;;0;x 500,0;TEPMAIDAN4,TEPMAIDAN5;;;ja;nein;ja;ja;jordan;;nur Jordan
NO_MATCH;Maidan;;21;Farbe 21;TEPMAIDAN4_021,TEPMAIDAN5_021;;;ja;nein;ja;ja;jordan;;nur Jordan
NO_MATCH;Maidan;;33;Farbe 33;TEPMAIDAN4_033,TEPMAIDAN5_033;;;ja;nein;ja;ja;jordan;;nur Jordan
NO_MATCH;Maidan;;40;Farbe 40;TEPMAIDAN4_040,TEPMAIDAN5_040;;;ja;nein;ja;ja;jordan;;nur Jordan
NO_MATCH;Maidan;;43;Farbe 43;TEPMAIDAN4_043,TEPMAIDAN5_043;;;ja;nein;ja;ja;jordan;;nur Jordan
NO_MATCH;Maidan;;77;Farbe 77;TEPMAIDAN4_077,TEPMAIDAN5_077;;;ja;nein;ja;ja;jordan;;nur Jordan
NO_MATCH;Maidan;;84;Farbe 84;TEPMAIDAN4_084,TEPMAIDAN5_084;;;ja;nein;ja;ja;jordan;;nur Jordan
NO_MATCH;Maidan;;90;Farbe 90;TEPMAIDAN4_090,TEPMAIDAN5_090;;;ja;nein;ja;ja;jordan;;nur Jordan
NO_MATCH;Maidan;;94;Farbe 94;TEPMAIDAN4_094,TEPMAIDAN5_094;;;ja;nein;ja;ja;jordan;;nur Jordan
NO_MATCH;Maidan;;97;Farbe 97;TEPMAIDAN4_097,TEPMAIDAN5_097;;;ja;nein;ja;ja;jordan;;nur Jordan
NO_MATCH;Maidan;;98;Farbe 98;TEPMAIDAN4_098,TEPMAIDAN5_098;;;ja;nein;ja;ja;jordan;;nur Jordan
NO_MATCH;Maidan;;99;Farbe 99;TEPMAIDAN4_099,TEPMAIDAN5_099;;;ja;nein;ja;ja;jordan;;nur Jordan
NO_MATCH;Genius Planke;;0;1,000x  25,0;TEPGENIUPL;;;ja;nein;ja;ja;jordan;;nur Jordan
NO_MATCH;Genius Planke;;385;Farbe 385;TEPGENIUPL_385;;;ja;nein;ja;ja;jordan;;nur Jordan
NO_MATCH;Genius Planke;;555;Farbe 555;TEPGENIUPL_555;;;ja;nein;ja;ja;jordan;;nur Jordan
NO_MATCH;Genius Planke;;575;Farbe 575;TEPGENIUPL_575;;;ja;nein;ja;ja;jordan;;nur Jordan
NO_MATCH;Genius Planke;;595;Farbe 595;TEPGENIUPL_595;;;ja;nein;ja;ja;jordan;;nur Jordan
NO_MATCH;Genius Planke;;725;Farbe 725;TEPGENIUPL_725;;;ja;nein;ja;ja;jordan;;nur Jordan
NO_MATCH;Genius Planke;;765;Farbe 765;TEPGENIUPL_765;;;ja;nein;ja;ja;jordan;;nur Jordan
MATCH_PROBABLE;Maron;MPlus Avantgarde 2029 2202-018 TR 400cm;0;x 400,0;TEPMARON4;;;ja;nein;ja;ja;jordan;;nur Jordan
MATCH_PROBABLE;Maron;MPlus Avantgarde 2029 2202-018 TR 400cm;18;Farbe 18;TEPMARON4_018;018 Rot Dunkel;2014-002648;ja;ja;ja;ja;jordan;mplus;
MATCH_PROBABLE;Maron;MPlus Avantgarde 2029 2202-018 TR 400cm;32;Farbe 32;TEPMARON4_032;032 Beige Hell;2014-002649;ja;ja;ja;ja;jordan;mplus;
MATCH_PROBABLE;Maron;MPlus Avantgarde 2029 2202-018 TR 400cm;38;Farbe 38;TEPMARON4_038;;;ja;nein;ja;ja;jordan;;nur Jordan
MATCH_PROBABLE;Maron;MPlus Avantgarde 2029 2202-018 TR 400cm;39;Farbe 39;TEPMARON4_039;039 Braun Hell;2014-002650;ja;ja;ja;ja;jordan;mplus;
MATCH_PROBABLE;Maron;MPlus Avantgarde 2029 2202-018 TR 400cm;64;Farbe 64;TEPMARON4_064;064 Rot Dunkel;2014-002651;ja;ja;ja;ja;jordan;mplus;
MATCH_PROBABLE;Maron;MPlus Avantgarde 2029 2202-018 TR 400cm;94;Farbe 94;TEPMARON4_094;094 Grau Dunkel;2014-002652;ja;ja;ja;ja;jordan;mplus;
MATCH_PROBABLE;Maron;MPlus Avantgarde 2029 2202-018 TR 400cm;95;Farbe 95;TEPMARON4_095;095 Grau Hell;2014-002653;ja;ja;ja;ja;jordan;mplus;
MATCH_PROBABLE;Maron;MPlus Avantgarde 2029 2202-018 TR 400cm;97;Farbe 97;TEPMARON4_097;097 Grau Dunkel;2014-002654;ja;ja;ja;ja;jordan;mplus;
MATCH_PROBABLE;Maron;MPlus Avantgarde 2029 2202-018 TR 400cm;98;Farbe 98;TEPMARON4_098;098 Schwarz Hell;2014-002655;ja;ja;ja;ja;jordan;mplus;
NO_MATCH;Fair Planke;;0;1,000x  25,0;TEPFAIPL;;;ja;nein;ja;ja;jordan;;nur Jordan
NO_MATCH;Fair Planke;;160;Farbe 160;TEPFAIPL_160;;;ja;nein;ja;ja;jordan;;nur Jordan
NO_MATCH;Fair Planke;;231;Farbe 231;TEPFAIPL_231;;;ja;nein;ja;ja;jordan;;nur Jordan
NO_MATCH;Fair Planke;;360;Farbe 360;TEPFAIPL_360;;;ja;nein;ja;ja;jordan;;nur Jordan
NO_MATCH;Fair Planke;;390;Farbe 390;TEPFAIPL_390;;;ja;nein;ja;ja;jordan;;nur Jordan
NO_MATCH;Fair Planke;;461;Farbe 461;TEPFAIPL_461;;;ja;nein;ja;ja;jordan;;nur Jordan
NO_MATCH;Fair Planke;;535;Farbe 535;TEPFAIPL_535;;;ja;nein;ja;ja;jordan;;nur Jordan
NO_MATCH;Fair Planke;;541;Farbe 541;TEPFAIPL_541;;;ja;nein;ja;ja;jordan;;nur Jordan
NO_MATCH;Fair Planke;;561;Farbe 561;TEPFAIPL_561;;;ja;nein;ja;ja;jordan;;nur Jordan
NO_MATCH;Fair Planke;;565;Farbe 565;TEPFAIPL_565;;;ja;nein;ja;ja;jordan;;nur Jordan
NO_MATCH;Fair Planke;;585;Farbe 585;TEPFAIPL_585;;;ja;nein;ja;ja;jordan;;nur Jordan
NO_MATCH;Fair Planke;;710;Farbe 710;TEPFAIPL_710;;;ja;nein;ja;ja;jordan;;nur Jordan
NO_MATCH;Fair Planke;;715;Farbe 715;TEPFAIPL_715;;;ja;nein;ja;ja;jordan;;nur Jordan
NO_MATCH;Fair Planke;;750;Farbe 750;TEPFAIPL_750;;;ja;nein;ja;ja;jordan;;nur Jordan
NO_MATCH;Fair Planke;;780;Farbe 780;TEPFAIPL_780;;;ja;nein;ja;ja;jordan;;nur Jordan
NO_MATCH;Fair Planke;;830;Farbe 830;TEPFAIPL_830;;;ja;nein;ja;ja;jordan;;nur Jordan
NO_MATCH;Fair Planke;;841;Farbe 841;TEPFAIPL_841;;;ja;nein;ja;ja;jordan;;nur Jordan
NO_MATCH;Fair Planke;;850;Farbe 850;TEPFAIPL_850;;;ja;nein;ja;ja;jordan;;nur Jordan
NO_MATCH;Fair Planke;;861;Farbe 861;TEPFAIPL_861;;;ja;nein;ja;ja;jordan;;nur Jordan
NO_MATCH;Fair Planke;;870;Farbe 870;TEPFAIPL_870;;;ja;nein;ja;ja;jordan;;nur Jordan
NO_MATCH;Pathos;;0;x 400,0;TEPPATHOS4;;;ja;nein;ja;ja;jordan;;nur Jordan
NO_MATCH;Pathos;;50;Farbe 50;TEPPATHOS4_050;;;ja;nein;ja;ja;jordan;;nur Jordan
NO_MATCH;Pathos;;73;Farbe 73;TEPPATHOS4_073;;;ja;nein;ja;ja;jordan;;nur Jordan
NO_MATCH;Pathos;;76;Farbe 76;TEPPATHOS4_076;;;ja;nein;ja;ja;jordan;;nur Jordan
NO_MATCH;Pathos;;78;Farbe 78;TEPPATHOS4_078;;;ja;nein;ja;ja;jordan;;nur Jordan
NO_MATCH;Pathos;;90;Farbe 90;TEPPATHOS4_090;;;ja;nein;ja;ja;jordan;;nur Jordan
NO_MATCH;Pathos;;92;Farbe 92;TEPPATHOS4_092;;;ja;nein;ja;ja;jordan;;nur Jordan
NO_MATCH;Pathos;;173;Farbe 173;TEPPATHOS4_173;;;ja;nein;ja;ja;jordan;;nur Jordan
NO_MATCH;Pathos;;181;Farbe 181;TEPPATHOS4_181;;;ja;nein;ja;ja;jordan;;nur Jordan
NO_MATCH;City;;0;x 400,0;TEPCITY04;;;ja;nein;ja;ja;jordan;;nur Jordan
NO_MATCH;City;;106;Farbe 106;TEPCITY04_106;;;ja;nein;ja;ja;jordan;;nur Jordan
NO_MATCH;City;;107;Farbe 107;TEPCITY04_107;;;ja;nein;ja;ja;jordan;;nur Jordan
NO_MATCH;City;;205;Farbe 205;TEPCITY04_205;;;ja;nein;ja;ja;jordan;;nur Jordan
NO_MATCH;City;;304;Farbe 304;TEPCITY04_304;;;ja;nein;ja;ja;jordan;;nur Jordan
NO_MATCH;City;;307;Farbe 307;TEPCITY04_307;;;ja;nein;ja;ja;jordan;;nur Jordan
NO_MATCH;City;;309;Farbe 309;TEPCITY04_309;;;ja;nein;ja;ja;jordan;;nur Jordan
NO_MATCH;City;;310;Farbe 310;TEPCITY04_310;;;ja;nein;ja;ja;jordan;;nur Jordan
NO_MATCH;City;;403;Farbe 403;TEPCITY04_403;;;ja;nein;ja;ja;jordan;;nur Jordan
NO_MATCH;City;;405;Farbe 405;TEPCITY04_405;;;ja;nein;ja;ja;jordan;;nur Jordan
NO_MATCH;City;;406;Farbe 406;TEPCITY04_406;;;ja;nein;ja;ja;jordan;;nur Jordan
NO_MATCH;City;;407;Farbe 407;TEPCITY04_407;;;ja;nein;ja;ja;jordan;;nur Jordan
NO_MATCH;City;;508;Farbe 508;TEPCITY04_508;;;ja;nein;ja;ja;jordan;;nur Jordan
NO_MATCH;City;;510;Farbe 510;TEPCITY04_510;;;ja;nein;ja;ja;jordan;;nur Jordan
NO_MATCH;City;;512;Farbe 512;TEPCITY04_512;;;ja;nein;ja;ja;jordan;;nur Jordan
NO_MATCH;City;;513;Farbe 513;TEPCITY04_513;;;ja;nein;ja;ja;jordan;;nur Jordan
NO_MATCH;City;;514;Farbe 514;TEPCITY04_514;;;ja;nein;ja;ja;jordan;;nur Jordan
NO_MATCH;City;;515;Farbe 515;TEPCITY04_515;;;ja;nein;ja;ja;jordan;;nur Jordan
NO_MATCH;City;;516;Farbe 516;TEPCITY04_516;;;ja;nein;ja;ja;jordan;;nur Jordan
NO_MATCH;City;;704;Farbe 704;TEPCITY04_704;;;ja;nein;ja;ja;jordan;;nur Jordan
NO_MATCH;City;;705;Farbe 705;TEPCITY04_705;;;ja;nein;ja;ja;jordan;;nur Jordan
NO_MATCH;City;;706;Farbe 706;TEPCITY04_706;;;ja;nein;ja;ja;jordan;;nur Jordan
NO_MATCH;City;;804;Farbe 804;TEPCITY04_804;;;ja;nein;ja;ja;jordan;;nur Jordan
NO_MATCH;City;;806;Farbe 806;TEPCITY04_806;;;ja;nein;ja;ja;jordan;;nur Jordan
NO_MATCH;City;;902;Farbe 902;TEPCITY04_902;;;ja;nein;ja;ja;jordan;;nur Jordan
NO_MATCH;City;;904;Farbe 904;TEPCITY04_904;;;ja;nein;ja;ja;jordan;;nur Jordan
NO_MATCH;City Fliese;;106;Farbe 106;TEPCITYFL_106;;;ja;nein;ja;ja;jordan;;nur Jordan
NO_MATCH;City Fliese;;107;Farbe 107;TEPCITYFL_107;;;ja;nein;ja;ja;jordan;;nur Jordan
NO_MATCH;City Fliese;;205;Farbe 205;TEPCITYFL_205;;;ja;nein;ja;ja;jordan;;nur Jordan
NO_MATCH;City Fliese;;304;Farbe 304;TEPCITYFL_304;;;ja;nein;ja;ja;jordan;;nur Jordan
NO_MATCH;City Fliese;;307;Farbe 307;TEPCITYFL_307;;;ja;nein;ja;ja;jordan;;nur Jordan
NO_MATCH;City Fliese;;309;Farbe 309;TEPCITYFL_309;;;ja;nein;ja;ja;jordan;;nur Jordan
NO_MATCH;City Fliese;;310;Farbe 310;TEPCITYFL_310;;;ja;nein;ja;ja;jordan;;nur Jordan
NO_MATCH;City Fliese;;403;Farbe 403;TEPCITYFL_403;;;ja;nein;ja;ja;jordan;;nur Jordan
NO_MATCH;City Fliese;;405;Farbe 405;TEPCITYFL_405;;;ja;nein;ja;ja;jordan;;nur Jordan
NO_MATCH;City Fliese;;406;Farbe 406;TEPCITYFL_406;;;ja;nein;ja;ja;jordan;;nur Jordan
NO_MATCH;City Fliese;;407;Farbe 407;TEPCITYFL_407;;;ja;nein;ja;ja;jordan;;nur Jordan
NO_MATCH;City Fliese;;508;Farbe 508;TEPCITYFL_508;;;ja;nein;ja;ja;jordan;;nur Jordan
NO_MATCH;City Fliese;;510;Farbe 510;TEPCITYFL_510;;;ja;nein;ja;ja;jordan;;nur Jordan
NO_MATCH;City Fliese;;513;Farbe 513;TEPCITYFL_513;;;ja;nein;ja;ja;jordan;;nur Jordan
NO_MATCH;City Fliese;;514;Farbe 514;TEPCITYFL_514;;;ja;nein;ja;ja;jordan;;nur Jordan
NO_MATCH;City Fliese;;515;Farbe 515;TEPCITYFL_515;;;ja;nein;ja;ja;jordan;;nur Jordan
NO_MATCH;City Fliese;;516;Farbe 516;TEPCITYFL_516;;;ja;nein;ja;ja;jordan;;nur Jordan
NO_MATCH;City Fliese;;704;Farbe 704;TEPCITYFL_704;;;ja;nein;ja;ja;jordan;;nur Jordan
NO_MATCH;City Fliese;;705;Farbe 705;TEPCITYFL_705;;;ja;nein;ja;ja;jordan;;nur Jordan
NO_MATCH;City Fliese;;706;Farbe 706;TEPCITYFL_706;;;ja;nein;ja;ja;jordan;;nur Jordan
NO_MATCH;City Fliese;;902;Farbe 902;TEPCITYFL_902;;;ja;nein;ja;ja;jordan;;nur Jordan
NO_MATCH;City Fliese;;TEPCITYFL;;TEPCITYFL;;;ja;nein;ja;ja;jordan;;nur Jordan
NO_MATCH;Livia;;0;x 400,0;TEPLIVIA4;;;ja;nein;ja;ja;jordan;;nur Jordan
NO_MATCH;Livia;;240;Farbe 240;TEPLIVIA4_240;;;ja;nein;ja;ja;jordan;;nur Jordan
NO_MATCH;Livia;;250;Farbe 250;TEPLIVIA4_250;;;ja;nein;ja;ja;jordan;;nur Jordan
NO_MATCH;Livia;;260;Farbe 260;TEPLIVIA4_260;;;ja;nein;ja;ja;jordan;;nur Jordan
NO_MATCH;Livia;;400;Farbe 400;TEPLIVIA4_400;;;ja;nein;ja;ja;jordan;;nur Jordan
NO_MATCH;Livia;;410;Farbe 410;TEPLIVIA4_410;;;ja;nein;ja;ja;jordan;;nur Jordan
NO_MATCH;Livia;;430;Farbe 430;TEPLIVIA4_430;;;ja;nein;ja;ja;jordan;;nur Jordan
NO_MATCH;Livia;;440;Farbe 440;TEPLIVIA4_440;;;ja;nein;ja;ja;jordan;;nur Jordan
NO_MATCH;Livia;;450;Farbe 450;TEPLIVIA4_450;;;ja;nein;ja;ja;jordan;;nur Jordan
NO_MATCH;Livia;;590;Farbe 590;TEPLIVIA4_590;;;ja;nein;ja;ja;jordan;;nur Jordan
NO_MATCH;Livia;;800;Farbe 800;TEPLIVIA4_800;;;ja;nein;ja;ja;jordan;;nur Jordan
NO_MATCH;Livia;;810;Farbe 810;TEPLIVIA4_810;;;ja;nein;ja;ja;jordan;;nur Jordan
NO_MATCH;Livia;;820;Farbe 820;TEPLIVIA4_820;;;ja;nein;ja;ja;jordan;;nur Jordan
NO_MATCH;Livia;;830;Farbe 830;TEPLIVIA4_830;;;ja;nein;ja;ja;jordan;;nur Jordan
NO_MATCH;Livia;;840;Farbe 840;TEPLIVIA4_840;;;ja;nein;ja;ja;jordan;;nur Jordan
NO_MATCH;Livia;;860;Farbe 860;TEPLIVIA4_860;;;ja;nein;ja;ja;jordan;;nur Jordan
NO_MATCH;Livia;;870;Farbe 870;TEPLIVIA4_870;;;ja;nein;ja;ja;jordan;;nur Jordan
NO_MATCH;Minero;;0;x 400,0;TEPMINER4;;;ja;nein;ja;ja;jordan;;nur Jordan
NO_MATCH;Minero;;592;Farbe 592;TEPMINER4_592;;;ja;nein;ja;ja;jordan;;nur Jordan
NO_MATCH;Minero;;848;Farbe 848;TEPMINER4_848;;;ja;nein;ja;ja;jordan;;nur Jordan
NO_MATCH;Minero;;957;Farbe 957;TEPMINER4_957;;;ja;nein;ja;ja;jordan;;nur Jordan
NO_MATCH;Minero;;968;Farbe 968;TEPMINER4_968;;;ja;nein;ja;ja;jordan;;nur Jordan
NO_MATCH;Minero;;989;Farbe 989;TEPMINER4_989;;;ja;nein;ja;ja;jordan;;nur Jordan
NO_MATCH;Minero;;991;Farbe 991;TEPMINER4_991;;;ja;nein;ja;ja;jordan;;nur Jordan
NO_MATCH;Misano;;0;x 400,0;TEPMISANO4;;;ja;nein;ja;ja;jordan;;nur Jordan
NO_MATCH;Misano;;136;Farbe 136;TEPMISANO4_136;;;ja;nein;ja;ja;jordan;;nur Jordan
NO_MATCH;Misano;;213;Farbe 213;TEPMISANO4_213;;;ja;nein;ja;ja;jordan;;nur Jordan
NO_MATCH;Misano;;344;Farbe 344;TEPMISANO4_344;;;ja;nein;ja;ja;jordan;;nur Jordan
NO_MATCH;Misano;;414;Farbe 414;TEPMISANO4_414;;;ja;nein;ja;ja;jordan;;nur Jordan
NO_MATCH;Misano;;415;Farbe 415;TEPMISANO4_415;;;ja;nein;ja;ja;jordan;;nur Jordan
NO_MATCH;Misano;;416;Farbe 416;TEPMISANO4_416;;;ja;nein;ja;ja;jordan;;nur Jordan
NO_MATCH;Misano;;503;Farbe 503;TEPMISANO4_503;;;ja;nein;ja;ja;jordan;;nur Jordan
NO_MATCH;Misano;;504;Farbe 504;TEPMISANO4_504;;;ja;nein;ja;ja;jordan;;nur Jordan
NO_MATCH;Misano;;505;Farbe 505;TEPMISANO4_505;;;ja;nein;ja;ja;jordan;;nur Jordan
NO_MATCH;Misano;;769;Farbe 769;TEPMISANO4_769;;;ja;nein;ja;ja;jordan;;nur Jordan
NO_MATCH;Misano;;770;Farbe 770;TEPMISANO4_770;;;ja;nein;ja;ja;jordan;;nur Jordan
NO_MATCH;Misano;;873;Farbe 873;TEPMISANO4_873;;;ja;nein;ja;ja;jordan;;nur Jordan
NO_MATCH;Misano;;940;Farbe 940;TEPMISANO4_940;;;ja;nein;ja;ja;jordan;;nur Jordan
NO_MATCH;Lisaro;;0;x 400,0;TEPLISAR4;;;ja;nein;ja;ja;jordan;;nur Jordan
NO_MATCH;Lisaro Fliese;;0;0,500x  50,0;TEPLISARFL;;;ja;nein;ja;ja;jordan;;nur Jordan
NO_MATCH;Lisaro Fliese;;138;Farbe 138;TEPLISARFL_138;;;ja;nein;ja;ja;jordan;;nur Jordan
NO_MATCH;Lisaro Fliese;;139;Farbe 139;TEPLISARFL_139;;;ja;nein;ja;ja;jordan;;nur Jordan
NO_MATCH;Lisaro Fliese;;215;Farbe 215;TEPLISARFL_215;;;ja;nein;ja;ja;jordan;;nur Jordan
NO_MATCH;Lisaro Fliese;;345;Farbe 345;TEPLISARFL_345;;;ja;nein;ja;ja;jordan;;nur Jordan
NO_MATCH;Lisaro Fliese;;346;Farbe 346;TEPLISARFL_346;;;ja;nein;ja;ja;jordan;;nur Jordan
NO_MATCH;Lisaro Fliese;;419;Farbe 419;TEPLISARFL_419;;;ja;nein;ja;ja;jordan;;nur Jordan
NO_MATCH;Lisaro Fliese;;501;Farbe 501;TEPLISARFL_501;;;ja;nein;ja;ja;jordan;;nur Jordan
NO_MATCH;Lisaro Fliese;;502;Farbe 502;TEPLISARFL_502;;;ja;nein;ja;ja;jordan;;nur Jordan
NO_MATCH;Lisaro Fliese;;773;Farbe 773;TEPLISARFL_773;;;ja;nein;ja;ja;jordan;;nur Jordan
NO_MATCH;Lisaro Fliese;;875;Farbe 875;TEPLISARFL_875;;;ja;nein;ja;ja;jordan;;nur Jordan
NO_MATCH;Lisaro Fliese;;876;Farbe 876;TEPLISARFL_876;;;ja;nein;ja;ja;jordan;;nur Jordan
NO_MATCH;Lisaro Fliese;;877;Farbe 877;TEPLISARFL_877;;;ja;nein;ja;ja;jordan;;nur Jordan
MATCH_PROBABLE;Maidan Fliese (mind.Abgabe 5 VE);MPlus Extrem Tiles 2029 2160-033 50x50cm 5,00 qm/Pck;0;0,500x  50,0;TEPMAIDAFL;;;ja;nein;ja;ja;jordan;;nur Jordan
MATCH_PROBABLE;Maidan Fliese (mind.Abgabe 5 VE);MPlus Extrem Tiles 2029 2160-033 50x50cm 5,00 qm/Pck;21;Farbe 21;TEPMAIDAFL_021;;;ja;nein;ja;ja;jordan;;nur Jordan
MATCH_PROBABLE;Maidan Fliese (mind.Abgabe 5 VE);MPlus Extrem Tiles 2029 2160-033 50x50cm 5,00 qm/Pck;33;Farbe 33;TEPMAIDAFL_033;33 Beige Dunkel;2208-000495;ja;ja;ja;ja;jordan;mplus;
MATCH_PROBABLE;Maidan Fliese (mind.Abgabe 5 VE);MPlus Extrem Tiles 2029 2160-033 50x50cm 5,00 qm/Pck;40;Farbe 40;TEPMAIDAFL_040;40 Grau Dunkel;2208-000496;ja;ja;ja;ja;jordan;mplus;
MATCH_PROBABLE;Maidan Fliese (mind.Abgabe 5 VE);MPlus Extrem Tiles 2029 2160-033 50x50cm 5,00 qm/Pck;43;Farbe 43;TEPMAIDAFL_043;;;ja;nein;ja;ja;jordan;;nur Jordan
MATCH_PROBABLE;Maidan Fliese (mind.Abgabe 5 VE);MPlus Extrem Tiles 2029 2160-033 50x50cm 5,00 qm/Pck;77;Farbe 77;TEPMAIDAFL_077;77 Blau Dunkel;2208-000497;ja;ja;ja;ja;jordan;mplus;
MATCH_PROBABLE;Maidan Fliese (mind.Abgabe 5 VE);MPlus Extrem Tiles 2029 2160-033 50x50cm 5,00 qm/Pck;84;Farbe 84;TEPMAIDAFL_084;;;ja;nein;ja;ja;jordan;;nur Jordan
MATCH_PROBABLE;Maidan Fliese (mind.Abgabe 5 VE);MPlus Extrem Tiles 2029 2160-033 50x50cm 5,00 qm/Pck;90;Farbe 90;TEPMAIDAFL_090;90 Grau Hell;2208-000498;ja;ja;ja;ja;jordan;mplus;
MATCH_PROBABLE;Maidan Fliese (mind.Abgabe 5 VE);MPlus Extrem Tiles 2029 2160-033 50x50cm 5,00 qm/Pck;94;Farbe 94;TEPMAIDAFL_094;;;ja;nein;ja;ja;jordan;;nur Jordan
MATCH_PROBABLE;Maidan Fliese (mind.Abgabe 5 VE);MPlus Extrem Tiles 2029 2160-033 50x50cm 5,00 qm/Pck;97;Farbe 97;TEPMAIDAFL_097;97 Schwarz Hell;2208-000499;ja;ja;ja;ja;jordan;mplus;
MATCH_PROBABLE;Maidan Fliese (mind.Abgabe 5 VE);MPlus Extrem Tiles 2029 2160-033 50x50cm 5,00 qm/Pck;98;Farbe 98;TEPMAIDAFL_098;98 Grau Dunkel;2208-000500;ja;ja;ja;ja;jordan;mplus;
MATCH_PROBABLE;Maidan Fliese (mind.Abgabe 5 VE);MPlus Extrem Tiles 2029 2160-033 50x50cm 5,00 qm/Pck;99;Farbe 99;TEPMAIDAFL_099;;;ja;nein;ja;ja;jordan;;nur Jordan
NO_MATCH;Mia;;0;x 500,0;TEPMIA05;;;ja;nein;ja;ja;jordan;;nur Jordan
NO_MATCH;Mia;;410;Farbe 410;TEPMIA05_410;;;ja;nein;ja;ja;jordan;;nur Jordan
NO_MATCH;Mia;;412;Farbe 412;TEPMIA05_412;;;ja;nein;ja;ja;jordan;;nur Jordan
NO_MATCH;Mia;;414;Farbe 414;TEPMIA05_414;;;ja;nein;ja;ja;jordan;;nur Jordan
NO_MATCH;Mia;;415;Farbe 415;TEPMIA04_415,TEPMIA05_415;;;ja;nein;ja;ja;jordan;;nur Jordan
NO_MATCH;Rapid;;0;x 500,0;TEPRAPI4,TEPRAPI5;;;ja;nein;ja;ja;jordan;;nur Jordan
NO_MATCH;Rapid;;527;Farbe 527;TEPRAPI4_0527,TEPRAPI5_0527;;;ja;nein;ja;ja;jordan;;nur Jordan
NO_MATCH;Rapid;;529;Farbe 529;TEPRAPI4_0529,TEPRAPI5_0529;;;ja;nein;ja;ja;jordan;;nur Jordan
NO_MATCH;Rapid;;573;Farbe 573;TEPRAPI4_0573,TEPRAPI5_0573;;;ja;nein;ja;ja;jordan;;nur Jordan
NO_MATCH;Rapid;;574;Farbe 574;TEPRAPI4_0574,TEPRAPI5_0574;;;ja;nein;ja;ja;jordan;;nur Jordan
NO_MATCH;Rapid;;576;Farbe 576;TEPRAPI4_0576,TEPRAPI5_0576;;;ja;nein;ja;ja;jordan;;nur Jordan
NO_MATCH;Rapid;;578;Farbe 578;TEPRAPI4_0578,TEPRAPI5_0578;;;ja;nein;ja;ja;jordan;;nur Jordan
NO_MATCH;Rapid;;582;Farbe 582;TEPRAPI4_0582,TEPRAPI5_0582;;;ja;nein;ja;ja;jordan;;nur Jordan
MATCH_PROBABLE;Linux;MPlus Akzente 2029 2408-15 TR 400 cm;0;x 400,0;TEPLINUX04,TEPLINUX05;;;ja;nein;ja;ja;jordan;;nur Jordan
MATCH_PROBABLE;Linux;MPlus Akzente 2029 2408-15 TR 400 cm;15;Farbe 15;TEPLINUX04_015,TEPLINUX05_015;15 Rot Dunkel;2014-002866;ja;ja;ja;ja;jordan;mplus;
MATCH_PROBABLE;Linux;MPlus Akzente 2029 2408-15 TR 400 cm;28;Farbe 28;TEPLINUX04_028,TEPLINUX05_028;28 Grün Dunkel;2014-002867;ja;ja;ja;ja;jordan;mplus;
MATCH_PROBABLE;Linux;MPlus Akzente 2029 2408-15 TR 400 cm;36;Farbe 36;TEPLINUX04_036,TEPLINUX05_036;36 Gelb Mittel;2014-002868;ja;ja;ja;ja;jordan;mplus;
MATCH_PROBABLE;Linux;MPlus Akzente 2029 2408-15 TR 400 cm;38;Farbe 38;TEPLINUX04_038,TEPLINUX05_038;38 Beige Mittel;2014-002869;ja;ja;ja;ja;jordan;mplus;
MATCH_PROBABLE;Linux;MPlus Akzente 2029 2408-15 TR 400 cm;39;Farbe 39;TEPLINUX04_039,TEPLINUX05_039;39 Beige Hell;2014-002870;ja;ja;ja;ja;jordan;mplus;
MATCH_PROBABLE;Linux;MPlus Akzente 2029 2408-15 TR 400 cm;40;Farbe 40;TEPLINUX04_040,TEPLINUX05_040;;;ja;nein;ja;ja;jordan;;nur Jordan
MATCH_PROBABLE;Linux;MPlus Akzente 2029 2408-15 TR 400 cm;43;Farbe 43;TEPLINUX04_043,TEPLINUX05_043;;;ja;nein;ja;ja;jordan;;nur Jordan
MATCH_PROBABLE;Linux;MPlus Akzente 2029 2408-15 TR 400 cm;49;Farbe 49;TEPLINUX04_049,TEPLINUX05_049;49 Braun Dunkel;2014-002871;ja;ja;ja;ja;jordan;mplus;
MATCH_PROBABLE;Linux;MPlus Akzente 2029 2408-15 TR 400 cm;66;Farbe 66;TEPLINUX04_066,TEPLINUX05_066;;;ja;nein;ja;ja;jordan;;nur Jordan
MATCH_PROBABLE;Linux;MPlus Akzente 2029 2408-15 TR 400 cm;75;Farbe 75;TEPLINUX04_075,TEPLINUX05_075;75 Blau Mittel;2014-002872;ja;ja;ja;ja;jordan;mplus;
MATCH_PROBABLE;Linux;MPlus Akzente 2029 2408-15 TR 400 cm;77;Farbe 77;TEPLINUX04_077,TEPLINUX05_077;;;ja;nein;ja;ja;jordan;;nur Jordan
MATCH_PROBABLE;Linux;MPlus Akzente 2029 2408-15 TR 400 cm;92;Farbe 92;TEPLINUX04_092,TEPLINUX05_092;92 Grau Hell;2014-002873;ja;ja;ja;ja;jordan;mplus;
MATCH_PROBABLE;Linux;MPlus Akzente 2029 2408-15 TR 400 cm;93;Farbe 93;TEPLINUX04_093,TEPLINUX05_093;93 Grau Hell;2014-002874;ja;ja;ja;ja;jordan;mplus;
MATCH_PROBABLE;Linux;MPlus Akzente 2029 2408-15 TR 400 cm;94;Farbe 94;TEPLINUX04_094,TEPLINUX05_094;;;ja;nein;ja;ja;jordan;;nur Jordan
MATCH_PROBABLE;Linux;MPlus Akzente 2029 2408-15 TR 400 cm;97;Farbe 97;TEPLINUX04_097,TEPLINUX05_097;97 Grau Dunkel;2014-002875;ja;ja;ja;ja;jordan;mplus;
MATCH_PROBABLE;Linux;MPlus Akzente 2029 2408-15 TR 400 cm;98;Farbe 98;TEPLINUX04_098,TEPLINUX05_098;;;ja;nein;ja;ja;jordan;;nur Jordan
MATCH_PROBABLE;Linux;MPlus Akzente 2029 2408-15 TR 400 cm;99;Farbe 99;TEPLINUX04_099,TEPLINUX05_099;99 Schwarz Dunkel;2014-002876;ja;ja;ja;ja;jordan;mplus;
NO_MATCH;Fair;;0;x 400,0;TEPFAIR4;;;ja;nein;ja;ja;jordan;;nur Jordan
NO_MATCH;Fair;;160;Farbe 160;TEPFAIR4_0160;;;ja;nein;ja;ja;jordan;;nur Jordan
NO_MATCH;Fair;;231;Farbe 231;TEPFAIR4_0231;;;ja;nein;ja;ja;jordan;;nur Jordan
NO_MATCH;Fair;;360;Farbe 360;TEPFAIR4_0360;;;ja;nein;ja;ja;jordan;;nur Jordan
NO_MATCH;Fair;;390;Farbe 390;TEPFAIR4_0390;;;ja;nein;ja;ja;jordan;;nur Jordan
NO_MATCH;Fair;;461;Farbe 461;TEPFAIR4_0461;;;ja;nein;ja;ja;jordan;;nur Jordan
NO_MATCH;Fair;;535;Farbe 535;TEPFAIR4_0535;;;ja;nein;ja;ja;jordan;;nur Jordan
NO_MATCH;Fair;;541;Farbe 541;TEPFAIR4_0541;;;ja;nein;ja;ja;jordan;;nur Jordan
NO_MATCH;Fair;;561;Farbe 561;TEPFAIR4_0561;;;ja;nein;ja;ja;jordan;;nur Jordan
NO_MATCH;Fair;;565;Farbe 565;TEPFAIR4_0565;;;ja;nein;ja;ja;jordan;;nur Jordan
NO_MATCH;Fair;;585;Farbe 585;TEPFAIR4_0585;;;ja;nein;ja;ja;jordan;;nur Jordan
NO_MATCH;Fair;;710;Farbe 710;TEPFAIR4_0710;;;ja;nein;ja;ja;jordan;;nur Jordan
NO_MATCH;Fair;;715;Farbe 715;TEPFAIR4_0715;;;ja;nein;ja;ja;jordan;;nur Jordan
NO_MATCH;Fair;;750;Farbe 750;TEPFAIR4_0750;;;ja;nein;ja;ja;jordan;;nur Jordan
NO_MATCH;Fair;;780;Farbe 780;TEPFAIR4_0780;;;ja;nein;ja;ja;jordan;;nur Jordan
NO_MATCH;Fair;;830;Farbe 830;TEPFAIR4_0830;;;ja;nein;ja;ja;jordan;;nur Jordan
NO_MATCH;Fair;;841;Farbe 841;TEPFAIR4_0841;;;ja;nein;ja;ja;jordan;;nur Jordan
NO_MATCH;Fair;;850;Farbe 850;TEPFAIR4_0850;;;ja;nein;ja;ja;jordan;;nur Jordan
NO_MATCH;Fair;;861;Farbe 861;TEPFAIR4_0861;;;ja;nein;ja;ja;jordan;;nur Jordan
NO_MATCH;Fair;;870;Farbe 870;TEPFAIR4_0870;;;ja;nein;ja;ja;jordan;;nur Jordan
NO_MATCH;Cosy;;0;x 400,0;TEPCOSY4;;;ja;nein;ja;ja;jordan;;nur Jordan
NO_MATCH;Cosy;;73;Farbe 73;TEPCOSY4_073;;;ja;nein;ja;ja;jordan;;nur Jordan
NO_MATCH;Cosy;;74;Farbe 74;TEPCOSY4_074;;;ja;nein;ja;ja;jordan;;nur Jordan
NO_MATCH;Cosy;;75;Farbe 75;TEPCOSY4_075;;;ja;nein;ja;ja;jordan;;nur Jordan
NO_MATCH;Cosy;;77;Farbe 77;TEPCOSY4_077;;;ja;nein;ja;ja;jordan;;nur Jordan
NO_MATCH;Cosy;;78;Farbe 78;TEPCOSY4_078;;;ja;nein;ja;ja;jordan;;nur Jordan
NO_MATCH;Cosy;;80;Farbe 80;TEPCOSY4_080;;;ja;nein;ja;ja;jordan;;nur Jordan
NO_MATCH;Cosy;;82;Farbe 82;TEPCOSY4_082;;;ja;nein;ja;ja;jordan;;nur Jordan
NO_MATCH;Minero Fliese;;0;0,500x  50,0;TEPMINERFL;;;ja;nein;ja;ja;jordan;;nur Jordan
NO_MATCH;Minero Fliese;;517;Farbe 517;TEPMINERFL_517;;;ja;nein;ja;ja;jordan;;nur Jordan
NO_MATCH;Minero Fliese;;592;Farbe 592;TEPMINERFL_592;;;ja;nein;ja;ja;jordan;;nur Jordan
NO_MATCH;Minero Fliese;;848;Farbe 848;TEPMINERFL_848;;;ja;nein;ja;ja;jordan;;nur Jordan
NO_MATCH;Minero Fliese;;908;Farbe 908;TEPMINERFL_908;;;ja;nein;ja;ja;jordan;;nur Jordan
NO_MATCH;Minero Fliese;;957;Farbe 957;TEPMINERFL_957;;;ja;nein;ja;ja;jordan;;nur Jordan
NO_MATCH;Minero Fliese;;968;Farbe 968;TEPMINERFL_968;;;ja;nein;ja;ja;jordan;;nur Jordan
NO_MATCH;Minero Fliese;;989;Farbe 989;TEPMINERFL_989;;;ja;nein;ja;ja;jordan;;nur Jordan
NO_MATCH;Minero Fliese;;990;Farbe 990;TEPMINERFL_990;;;ja;nein;ja;ja;jordan;;nur Jordan
NO_MATCH;Minero Fliese;;991;Farbe 991;TEPMINERFL_991;;;ja;nein;ja;ja;jordan;;nur Jordan
NO_MATCH;Grande FL;;2;Paket a     4,00 m2;TEPGRANDFL;;;ja;nein;ja;ja;jordan;;nur Jordan
NO_MATCH;Grande FL;;185;Farbe 185;TEPGRANDFL_185;;;ja;nein;ja;ja;jordan;;nur Jordan
NO_MATCH;Grande FL;;190;Farbe 190;TEPGRANDFL_190;;;ja;nein;ja;ja;jordan;;nur Jordan
NO_MATCH;Grande FL;;253;Farbe 253;TEPGRANDFL_253;;;ja;nein;ja;ja;jordan;;nur Jordan
NO_MATCH;Grande FL;;285;Farbe 285;TEPGRANDFL_285;;;ja;nein;ja;ja;jordan;;nur Jordan
NO_MATCH;Grande FL;;381;Farbe 381;TEPGRANDFL_381;;;ja;nein;ja;ja;jordan;;nur Jordan
NO_MATCH;Grande FL;;552;Farbe 552;TEPGRANDFL_552;;;ja;nein;ja;ja;jordan;;nur Jordan
NO_MATCH;Grande FL;;555;Farbe 555;TEPGRANDFL_555;;;ja;nein;ja;ja;jordan;;nur Jordan
NO_MATCH;Grande FL;;585;Farbe 585;TEPGRANDFL_585;;;ja;nein;ja;ja;jordan;;nur Jordan
NO_MATCH;Grande FL;;656;Farbe 656;TEPGRANDFL_656;;;ja;nein;ja;ja;jordan;;nur Jordan
NO_MATCH;Grande FL;;710;Farbe 710;TEPGRANDFL_710;;;ja;nein;ja;ja;jordan;;nur Jordan
NO_MATCH;Grande FL;;730;Farbe 730;TEPGRANDFL_730;;;ja;nein;ja;ja;jordan;;nur Jordan
NO_MATCH;Grande FL;;760;Farbe 760;TEPGRANDFL_760;;;ja;nein;ja;ja;jordan;;nur Jordan
NO_MATCH;Grande FL;;955;Farbe 955;TEPGRANDFL_955;;;ja;nein;ja;ja;jordan;;nur Jordan
NO_MATCH;Grande FL;;960;Farbe 960;TEPGRANDFL_960;;;ja;nein;ja;ja;jordan;;nur Jordan
NO_MATCH;Amore;;0;x 400,0;TEPAMORE4;;;ja;nein;ja;ja;jordan;;nur Jordan
NO_MATCH;Amore;;26;Farbe 26;TEPAMORE4_026;;;ja;nein;ja;ja;jordan;;nur Jordan
NO_MATCH;Amore;;31;Farbe 31;TEPAMORE4_031;;;ja;nein;ja;ja;jordan;;nur Jordan
NO_MATCH;Amore;;33;Farbe 33;TEPAMORE4_033;;;ja;nein;ja;ja;jordan;;nur Jordan
NO_MATCH;Amore;;36;Farbe 36;TEPAMORE4_036;;;ja;nein;ja;ja;jordan;;nur Jordan
NO_MATCH;Amore;;51;Farbe 51;TEPAMORE4_051;;;ja;nein;ja;ja;jordan;;nur Jordan
NO_MATCH;Amore;;62;Farbe 62;TEPAMORE4_062;;;ja;nein;ja;ja;jordan;;nur Jordan
NO_MATCH;Amore;;75;Farbe 75;TEPAMORE4_075;;;ja;nein;ja;ja;jordan;;nur Jordan
NO_MATCH;Amore;;83;Farbe 83;TEPAMORE4_083;;;ja;nein;ja;ja;jordan;;nur Jordan
NO_MATCH;Amore;;92;Farbe 92;TEPAMORE4_092;;;ja;nein;ja;ja;jordan;;nur Jordan
NO_MATCH;Amore;;93;Farbe 93;TEPAMORE4_093;;;ja;nein;ja;ja;jordan;;nur Jordan
NO_MATCH;Amore;;94;Farbe 94;TEPAMORE4_094;;;ja;nein;ja;ja;jordan;;nur Jordan
NO_MATCH;Amore;;99;Farbe 99;TEPAMORE4_099;;;ja;nein;ja;ja;jordan;;nur Jordan
NO_MATCH;Anden;;0;x 500,0;TEPANDEN4,TEPANDEN5;;;ja;nein;ja;ja;jordan;;nur Jordan
NO_MATCH;Anden;;110;Farbe 110;TEPANDEN4_110,TEPANDEN5_110;;;ja;nein;ja;ja;jordan;;nur Jordan
NO_MATCH;Anden;;200;Farbe 200;TEPANDEN4_200,TEPANDEN5_200;;;ja;nein;ja;ja;jordan;;nur Jordan
NO_MATCH;Anden;;240;Farbe 240;TEPANDEN4_240,TEPANDEN5_240;;;ja;nein;ja;ja;jordan;;nur Jordan
NO_MATCH;Anden;;250;Farbe 250;TEPANDEN4_250,TEPANDEN5_250;;;ja;nein;ja;ja;jordan;;nur Jordan
NO_MATCH;Anden;;260;Farbe 260;TEPANDEN4_260,TEPANDEN5_260;;;ja;nein;ja;ja;jordan;;nur Jordan
NO_MATCH;Anden;;270;Farbe 270;TEPANDEN4_270,TEPANDEN5_270;;;ja;nein;ja;ja;jordan;;nur Jordan
NO_MATCH;Anden;;310;Farbe 310;TEPANDEN4_310,TEPANDEN5_310;;;ja;nein;ja;ja;jordan;;nur Jordan
NO_MATCH;Anden;;610;Farbe 610;TEPANDEN4_610,TEPANDEN5_610;;;ja;nein;ja;ja;jordan;;nur Jordan
NO_MATCH;Anden;;690;Farbe 690;TEPANDEN4_690,TEPANDEN5_690;;;ja;nein;ja;ja;jordan;;nur Jordan
NO_MATCH;Anden;;710;Farbe 710;TEPANDEN4_710,TEPANDEN5_710;;;ja;nein;ja;ja;jordan;;nur Jordan
NO_MATCH;Anden;;780;Farbe 780;TEPANDEN4_780,TEPANDEN5_780;;;ja;nein;ja;ja;jordan;;nur Jordan
NO_MATCH;Anden;;800;Farbe 800;TEPANDEN4_800,TEPANDEN5_800;;;ja;nein;ja;ja;jordan;;nur Jordan
NO_MATCH;Anden;;810;Farbe 810;TEPANDEN4_810,TEPANDEN5_810;;;ja;nein;ja;ja;jordan;;nur Jordan
NO_MATCH;Anden;;820;Farbe 820;TEPANDEN4_820,TEPANDEN5_820;;;ja;nein;ja;ja;jordan;;nur Jordan
NO_MATCH;Anden;;840;Farbe 840;TEPANDEN4_840,TEPANDEN5_840;;;ja;nein;ja;ja;jordan;;nur Jordan
NO_MATCH;Anden;;860;Farbe 860;TEPANDEN4_860,TEPANDEN5_860;;;ja;nein;ja;ja;jordan;;nur Jordan
REVIEW_REQUIRED;Oslo;MPlus Akzente 2029 2406-20 TR 400 cm;0;x 400,0;TEPOSLO04;;;ja;nein;ja;ja;jordan;;nur Jordan
REVIEW_REQUIRED;Oslo;MPlus Akzente 2029 2406-20 TR 400 cm;20;Farbe 20;TEPOSLO04_020;20 Rot Dunkel;2052-000888;ja;ja;ja;ja;jordan;mplus;
REVIEW_REQUIRED;Oslo;MPlus Akzente 2029 2406-20 TR 400 cm;21;Farbe 21;TEPOSLO04_021;;;ja;nein;ja;ja;jordan;;nur Jordan
REVIEW_REQUIRED;Oslo;MPlus Akzente 2029 2406-20 TR 400 cm;26;Farbe 26;TEPOSLO04_026;;;ja;nein;ja;ja;jordan;;nur Jordan
REVIEW_REQUIRED;Oslo;MPlus Akzente 2029 2406-20 TR 400 cm;46;Farbe 46;TEPOSLO04_046;;;ja;nein;ja;ja;jordan;;nur Jordan
REVIEW_REQUIRED;Oslo;MPlus Akzente 2029 2406-20 TR 400 cm;58;Farbe 58;TEPOSLO04_058;;;ja;nein;ja;ja;jordan;;nur Jordan
REVIEW_REQUIRED;Oslo;MPlus Akzente 2029 2406-20 TR 400 cm;70;;;70 Braun Hell;2052-000889;nein;ja;nein;nein;mplus;;nur M-Plus - kein Wunschmass/Kettelservice annehmen
REVIEW_REQUIRED;Oslo;MPlus Akzente 2029 2406-20 TR 400 cm;72;Farbe 72;TEPOSLO04_072;72 Beige Mittel;2052-000890;ja;ja;ja;ja;jordan;mplus;
REVIEW_REQUIRED;Oslo;MPlus Akzente 2029 2406-20 TR 400 cm;74;Farbe 74;TEPOSLO04_074;;;ja;nein;ja;ja;jordan;;nur Jordan
REVIEW_REQUIRED;Oslo;MPlus Akzente 2029 2406-20 TR 400 cm;75;;;75 Grau Hell;2052-000891;nein;ja;nein;nein;mplus;;nur M-Plus - kein Wunschmass/Kettelservice annehmen
REVIEW_REQUIRED;Oslo;MPlus Akzente 2029 2406-20 TR 400 cm;76;Farbe 76;TEPOSLO04_076;76 Grau Dunkel;2052-000892;ja;ja;ja;ja;jordan;mplus;
REVIEW_REQUIRED;Oslo;MPlus Akzente 2029 2406-20 TR 400 cm;78;Farbe 78;TEPOSLO04_078;78 Schwarz Mittel;2052-000893;ja;ja;ja;ja;jordan;mplus;
REVIEW_REQUIRED;Oslo;MPlus Akzente 2029 2406-20 TR 400 cm;79;Farbe 79;TEPOSLO04_079;;;ja;nein;ja;ja;jordan;;nur Jordan
REVIEW_REQUIRED;Oslo;MPlus Akzente 2029 2406-20 TR 400 cm;80;Farbe 80;TEPOSLO04_080;;;ja;nein;ja;ja;jordan;;nur Jordan
REVIEW_REQUIRED;Oslo;MPlus Akzente 2029 2406-20 TR 400 cm;82;Farbe 82;TEPOSLO04_082;82 Blau Mittel;2052-000894;ja;ja;ja;ja;jordan;mplus;
REVIEW_REQUIRED;Oslo;MPlus Akzente 2029 2406-20 TR 400 cm;86;Farbe 86;TEPOSLO04_086;;;ja;nein;ja;ja;jordan;;nur Jordan
REVIEW_REQUIRED;Oslo;MPlus Akzente 2029 2406-20 TR 400 cm;88;Farbe 88;TEPOSLO04_088;;;ja;nein;ja;ja;jordan;;nur Jordan
REVIEW_REQUIRED;Oslo;MPlus Akzente 2029 2406-20 TR 400 cm;90;Farbe 90;TEPOSLO04_090;;;ja;nein;ja;ja;jordan;;nur Jordan
REVIEW_REQUIRED;Oslo;MPlus Akzente 2029 2406-20 TR 400 cm;92;Farbe 92;TEPOSLO04_092;;;ja;nein;ja;ja;jordan;;nur Jordan
NO_MATCH;Works Element;;1001;Farbe 1001;TEPWORKSEL_1001;;;ja;nein;ja;ja;jordan;;nur Jordan
NO_MATCH;Works Element;;1002;Farbe 1002;TEPWORKSEL_1002;;;ja;nein;ja;ja;jordan;;nur Jordan
NO_MATCH;Works Element;;1003;Farbe 1003;TEPWORKSEL_1003;;;ja;nein;ja;ja;jordan;;nur Jordan
NO_MATCH;Works Element;;1004;Farbe 1004;TEPWORKSEL_1004;;;ja;nein;ja;ja;jordan;;nur Jordan
NO_MATCH;Works Element;;1005;Farbe 1005;TEPWORKSEL_1005;;;ja;nein;ja;ja;jordan;;nur Jordan
NO_MATCH;Works Element;;1006;Farbe 1006;TEPWORKSEL_1006;;;ja;nein;ja;ja;jordan;;nur Jordan
NO_MATCH;Works Element;;1007;Farbe 1007;TEPWORKSEL_1007;;;ja;nein;ja;ja;jordan;;nur Jordan
NO_MATCH;Works Element;;1008;Farbe 1008;TEPWORKSEL_1008;;;ja;nein;ja;ja;jordan;;nur Jordan
NO_MATCH;Works Element;;1009;Farbe 1009;TEPWORKSEL_1009;;;ja;nein;ja;ja;jordan;;nur Jordan
NO_MATCH;Works Element;;TEPWORKSEL;;TEPWORKSEL;;;ja;nein;ja;ja;jordan;;nur Jordan
NO_MATCH;Inka;;183;Farbe 183;TEPINKAFL_183;;;ja;nein;ja;ja;jordan;;nur Jordan
NO_MATCH;Inka;;186;Farbe 186;TEPINKAFL_186;;;ja;nein;ja;ja;jordan;;nur Jordan
NO_MATCH;Inka;;282;Farbe 282;TEPINKAFL_282;;;ja;nein;ja;ja;jordan;;nur Jordan
NO_MATCH;Inka;;389;Farbe 389;TEPINKAFL_389;;;ja;nein;ja;ja;jordan;;nur Jordan
NO_MATCH;Inka;;488;Farbe 488;TEPINKAFL_488;;;ja;nein;ja;ja;jordan;;nur Jordan
NO_MATCH;Inka;;571;Farbe 571;TEPINKAFL_571;;;ja;nein;ja;ja;jordan;;nur Jordan
NO_MATCH;Inka;;573;Farbe 573;TEPINKAFL_573;;;ja;nein;ja;ja;jordan;;nur Jordan
NO_MATCH;Inka;;575;Farbe 575;TEPINKAFL_575;;;ja;nein;ja;ja;jordan;;nur Jordan
NO_MATCH;Inka;;576;Farbe 576;TEPINKAFL_576;;;ja;nein;ja;ja;jordan;;nur Jordan
NO_MATCH;Inka;;577;Farbe 577;TEPINKAFL_577;;;ja;nein;ja;ja;jordan;;nur Jordan
NO_MATCH;Inka;;578;Farbe 578;TEPINKAFL_578;;;ja;nein;ja;ja;jordan;;nur Jordan
NO_MATCH;Inka;;579;Farbe 579;TEPINKAFL_579;;;ja;nein;ja;ja;jordan;;nur Jordan
NO_MATCH;Inka;;870;Farbe 870;TEPINKAFL_870;;;ja;nein;ja;ja;jordan;;nur Jordan
NO_MATCH;Inka;;872;Farbe 872;TEPINKAFL_872;;;ja;nein;ja;ja;jordan;;nur Jordan
NO_MATCH;Inka;;980;Farbe 980;TEPINKAFL_980;;;ja;nein;ja;ja;jordan;;nur Jordan
NO_MATCH;Inka;;TEPINKAFL;;TEPINKAFL;;;ja;nein;ja;ja;jordan;;nur Jordan
NO_MATCH;Skyrock;;0;0,500x  50,0;TEPSKYRFL;;;ja;nein;ja;ja;jordan;;nur Jordan
NO_MATCH;Skyrock;;504;Farbe 504;TEPSKYRFL_504;;;ja;nein;ja;ja;jordan;;nur Jordan
NO_MATCH;Skyrock;;553;Farbe 553;TEPSKYRFL_553;;;ja;nein;ja;ja;jordan;;nur Jordan
NO_MATCH;Skyrock;;914;Farbe 914;TEPSKYRFL_914;;;ja;nein;ja;ja;jordan;;nur Jordan
NO_MATCH;Skyrock;;961;Farbe 961;TEPSKYRFL_961;;;ja;nein;ja;ja;jordan;;nur Jordan
NO_MATCH;Skyrock;;990;Farbe 990;TEPSKYRFL_990;;;ja;nein;ja;ja;jordan;;nur Jordan
NO_MATCH;Skyrock;;994;Farbe 994;TEPSKYRFL_994;;;ja;nein;ja;ja;jordan;;nur Jordan
NO_MATCH;Imago;;61;Farbe 061;TEPIMAFL_061;;;ja;nein;ja;ja;jordan;;nur Jordan
NO_MATCH;Imago;;140;Farbe 140;TEPIMAFL_140;;;ja;nein;ja;ja;jordan;;nur Jordan
NO_MATCH;Imago;;210;Farbe 210;TEPIMAFL_210;;;ja;nein;ja;ja;jordan;;nur Jordan
NO_MATCH;Imago;;322;Farbe 322;TEPIMAFL_322;;;ja;nein;ja;ja;jordan;;nur Jordan
NO_MATCH;Imago;;329;Farbe 329;TEPIMAFL_329;;;ja;nein;ja;ja;jordan;;nur Jordan
NO_MATCH;Imago;;573;Farbe 573;TEPIMAFL_573;;;ja;nein;ja;ja;jordan;;nur Jordan
NO_MATCH;Imago;;625;Farbe 625;TEPIMAFL_625;;;ja;nein;ja;ja;jordan;;nur Jordan
NO_MATCH;Imago;;914;Farbe 914;TEPIMAFL_914;;;ja;nein;ja;ja;jordan;;nur Jordan
NO_MATCH;Imago;;957;Farbe 957;TEPIMAFL_957;;;ja;nein;ja;ja;jordan;;nur Jordan
NO_MATCH;Imago;;965;Farbe 965;TEPIMAFL_965;;;ja;nein;ja;ja;jordan;;nur Jordan
NO_MATCH;Imago;;995;Farbe 995;TEPIMAFL_995;;;ja;nein;ja;ja;jordan;;nur Jordan
NO_MATCH;Imago;;TEPIMAFL;;TEPIMAFL;;;ja;nein;ja;ja;jordan;;nur Jordan
NO_MATCH;Optima Fliese;;0;0,500x  50,0;TEPOPTIFL;;;ja;nein;ja;ja;jordan;;nur Jordan
NO_MATCH;Optima Fliese;;20;Farbe 20;TEPOPTIFL_020;;;ja;nein;ja;ja;jordan;;nur Jordan
NO_MATCH;Optima Fliese;;75;Farbe 75;TEPOPTIFL_075;;;ja;nein;ja;ja;jordan;;nur Jordan
NO_MATCH;Optima Fliese;;83;Farbe 83;TEPOPTIFL_083;;;ja;nein;ja;ja;jordan;;nur Jordan
NO_MATCH;Optima Fliese;;291;Farbe 291;TEPOPTIFL_291;;;ja;nein;ja;ja;jordan;;nur Jordan
NO_MATCH;Optima Fliese;;378;Farbe 378;TEPOPTIFL_378;;;ja;nein;ja;ja;jordan;;nur Jordan
NO_MATCH;Optima Fliese;;393;Farbe 393;TEPOPTIFL_393;;;ja;nein;ja;ja;jordan;;nur Jordan
NO_MATCH;Melba Fliese;;0;0,500x  50,0;TEPMELBFL;;;ja;nein;ja;ja;jordan;;nur Jordan
NO_MATCH;Melba Fliese;;73;Farbe 73;TEPMELBFL_073;;;ja;nein;ja;ja;jordan;;nur Jordan
NO_MATCH;Melba Fliese;;74;Farbe 74;TEPMELBFL_074;;;ja;nein;ja;ja;jordan;;nur Jordan
NO_MATCH;Melba Fliese;;77;Farbe 77;TEPMELBFL_077;;;ja;nein;ja;ja;jordan;;nur Jordan
NO_MATCH;Melba Fliese;;78;Farbe 78;TEPMELBFL_078;;;ja;nein;ja;ja;jordan;;nur Jordan
NO_MATCH;Level Fliese;;0;0,500x  50,0;TEPLEVELFL;;;ja;nein;ja;ja;jordan;;nur Jordan
NO_MATCH;Level Fliese;;72;Farbe 72;TEPLEVELFL_072;;;ja;nein;ja;ja;jordan;;nur Jordan
NO_MATCH;Level Fliese;;74;Farbe 74;TEPLEVELFL_074;;;ja;nein;ja;ja;jordan;;nur Jordan
NO_MATCH;Level Fliese;;75;Farbe 75;TEPLEVELFL_075;;;ja;nein;ja;ja;jordan;;nur Jordan
NO_MATCH;Rapid Fliese;;0;0,500x  50,0;TEPRAPIFL;;;ja;nein;ja;ja;jordan;;nur Jordan
NO_MATCH;Rapid Fliese;;20;Farbe 20;TEPRAPIFL_0020;;;ja;nein;ja;ja;jordan;;nur Jordan
NO_MATCH;Rapid Fliese;;527;Farbe 527;TEPRAPIFL_0527;;;ja;nein;ja;ja;jordan;;nur Jordan
NO_MATCH;Rapid Fliese;;529;Farbe 529;TEPRAPIFL_0529;;;ja;nein;ja;ja;jordan;;nur Jordan
NO_MATCH;Rapid Fliese;;573;Farbe 573;TEPRAPIFL_0573;;;ja;nein;ja;ja;jordan;;nur Jordan
NO_MATCH;Rapid Fliese;;574;Farbe 574;TEPRAPIFL_0574;;;ja;nein;ja;ja;jordan;;nur Jordan
NO_MATCH;Rapid Fliese;;575;Farbe 575                    A;TEPRAPIFL_0575;;;ja;nein;ja;ja;jordan;;nur Jordan
NO_MATCH;Rapid Fliese;;576;Farbe 576;TEPRAPIFL_0576;;;ja;nein;ja;ja;jordan;;nur Jordan
NO_MATCH;Rapid Fliese;;578;Farbe 578;TEPRAPIFL_0578;;;ja;nein;ja;ja;jordan;;nur Jordan
NO_MATCH;Rapid Fliese;;580;Farbe 580                    A;TEPRAPIFL_0580;;;ja;nein;ja;ja;jordan;;nur Jordan
NO_MATCH;;;72;Farbe 72;;;;ja;nein;ja;ja;jordan;;nur Jordan
NO_MATCH;;;75;Farbe 75;;;;ja;nein;ja;ja;jordan;;nur Jordan
NO_MATCH;;;77;Farbe 77;TEPPILA4_077,TEPPILA5_077;;;ja;nein;ja;ja;jordan;;nur Jordan
NO_MATCH;;;90;Farbe 90;;;;ja;nein;ja;ja;jordan;;nur Jordan
NO_MATCH;;;91;Farbe 91;;;;ja;nein;ja;ja;jordan;;nur Jordan
NO_MATCH;;;92;Farbe 92;;;;ja;nein;ja;ja;jordan;;nur Jordan
NO_MATCH;;;93;Farbe 93;;;;ja;nein;ja;ja;jordan;;nur Jordan
NO_MATCH;;;94;Farbe 94;;;;ja;nein;ja;ja;jordan;;nur Jordan
NO_MATCH;;;176;Farbe 176;;;;ja;nein;ja;ja;jordan;;nur Jordan
NO_MATCH;;;177;Farbe 177;TEPPILA4_177,TEPPILA5_177;;;ja;nein;ja;ja;jordan;;nur Jordan
NO_MATCH;;;190;Farbe 190;TEPPILA4_190,TEPPILA5_190;;;ja;nein;ja;ja;jordan;;nur Jordan
NO_MATCH;;;70;Farbe 70;TEPEVIT04_070,TEPEVIT05_070;;;ja;nein;ja;ja;jordan;;nur Jordan
NO_MATCH;;;74;Farbe 74;TEPEVIT04_074,TEPEVIT05_074;;;ja;nein;ja;ja;jordan;;nur Jordan
NO_MATCH;;;76;Farbe 76;TEPEVIT04_076,TEPEVIT05_076;;;ja;nein;ja;ja;jordan;;nur Jordan
NO_MATCH;;;78;Farbe 78;TEPEVIT04_078,TEPEVIT05_078;;;ja;nein;ja;ja;jordan;;nur Jordan
NO_MATCH;;;82;Farbe 82;TEPEVIT04_082,TEPEVIT05_082;;;ja;nein;ja;ja;jordan;;nur Jordan
NO_MATCH;;;90;Farbe 90;TEPEVIT04_090,TEPEVIT05_090;;;ja;nein;ja;ja;jordan;;nur Jordan
NO_MATCH;;;93;Farbe 93;TEPEVIT04_093;;;ja;nein;ja;ja;jordan;;nur Jordan
NO_MATCH;;;170;Farbe 170;TEPEVIT04_170,TEPEVIT05_170;;;ja;nein;ja;ja;jordan;;nur Jordan
NO_MATCH;;;178;Farbe 178;TEPEVIT04_178,TEPEVIT05_178;;;ja;nein;ja;ja;jordan;;nur Jordan
NO_MATCH;;;282;Farbe 282;TEPEVIT04_282,TEPEVIT05_282;;;ja;nein;ja;ja;jordan;;nur Jordan
NO_MATCH;;;221;Farbe 221;;;;ja;nein;ja;ja;jordan;;nur Jordan
NO_MATCH;;;231;Farbe 231;;;;ja;nein;ja;ja;jordan;;nur Jordan
NO_MATCH;;;241;Farbe 241;;;;ja;nein;ja;ja;jordan;;nur Jordan
NO_MATCH;;;252;Farbe 252;TEPARTU5_252,TEPARTUS4_252;;;ja;nein;ja;ja;jordan;;nur Jordan
NO_MATCH;;;262;Farbe 262;TEPARTU5_262,TEPARTUS4_262;;;ja;nein;ja;ja;jordan;;nur Jordan
NO_MATCH;;;332;Farbe 332;;;;ja;nein;ja;ja;jordan;;nur Jordan
NO_MATCH;;;462;Farbe 462;;;;ja;nein;ja;ja;jordan;;nur Jordan
NO_MATCH;;;630;Farbe 630;;;;ja;nein;ja;ja;jordan;;nur Jordan
NO_MATCH;;;764;Farbe 764;;;;ja;nein;ja;ja;jordan;;nur Jordan
NO_MATCH;;;820;Farbe 820;;;;ja;nein;ja;ja;jordan;;nur Jordan
NO_MATCH;;;832;Farbe 832;;;;ja;nein;ja;ja;jordan;;nur Jordan
NO_MATCH;;;861;Farbe 861;;;;ja;nein;ja;ja;jordan;;nur Jordan
NO_MATCH;;;21;Farbe 21;TEPLORI04_021,TEPLORI05_021;;;ja;nein;ja;ja;jordan;;nur Jordan
NO_MATCH;;;33;Farbe 33;TEPLORI04_033,TEPLORI05_033;;;ja;nein;ja;ja;jordan;;nur Jordan
NO_MATCH;;;40;Farbe 40;TEPLORI05_040;;;ja;nein;ja;ja;jordan;;nur Jordan
NO_MATCH;;;77;Farbe 77;TEPLORI05_077;;;ja;nein;ja;ja;jordan;;nur Jordan
NO_MATCH;;;84;Farbe 84;TEPLORI05_084;;;ja;nein;ja;ja;jordan;;nur Jordan
NO_MATCH;;;90;Farbe 90;TEPLORI05_090;;;ja;nein;ja;ja;jordan;;nur Jordan
NO_MATCH;;;94;Farbe 94;TEPLORI05_094;;;ja;nein;ja;ja;jordan;;nur Jordan
NO_MATCH;;;98;Farbe 98;TEPLORI05_098;;;ja;nein;ja;ja;jordan;;nur Jordan
NO_MATCH;;;99;Farbe 99;TEPLORI05_099;;;ja;nein;ja;ja;jordan;;nur Jordan
MATCH_POSSIBLE;Tempra;MPlus Akzente 2029 2419-15 TR 400 cm;0;x 400,0;TEPTEMPR04,TEPTEMPR05;;;ja;nein;ja;ja;jordan;;nur Jordan
MATCH_POSSIBLE;Tempra;MPlus Akzente 2029 2419-15 TR 400 cm;8;Farbe 08;TEPTEMPR04_008,TEPTEMPR05_008;;;ja;nein;ja;ja;jordan;;nur Jordan
MATCH_POSSIBLE;Tempra;MPlus Akzente 2029 2419-15 TR 400 cm;10;Farbe 10;TEPTEMPR04_010,TEPTEMPR05_010;;;ja;nein;ja;ja;jordan;;nur Jordan
MATCH_POSSIBLE;Tempra;MPlus Akzente 2029 2419-15 TR 400 cm;13;Farbe 13;TEPTEMPR04_013,TEPTEMPR05_013;13 Beige Hell;2059-000127;ja;ja;ja;ja;jordan;mplus;
MATCH_POSSIBLE;Tempra;MPlus Akzente 2029 2419-15 TR 400 cm;14;;;14 Beige Mittel;2059-000128;nein;ja;nein;nein;mplus;;nur M-Plus - kein Wunschmass/Kettelservice annehmen
MATCH_POSSIBLE;Tempra;MPlus Akzente 2029 2419-15 TR 400 cm;15;;;15 Braun Mittel;2059-000129;nein;ja;nein;nein;mplus;;nur M-Plus - kein Wunschmass/Kettelservice annehmen
MATCH_POSSIBLE;Tempra;MPlus Akzente 2029 2419-15 TR 400 cm;18;Farbe 18;TEPTEMPR05_018;18 Braun Dunkel;2059-000130;ja;ja;ja;ja;jordan;mplus;
MATCH_POSSIBLE;Tempra;MPlus Akzente 2029 2419-15 TR 400 cm;23;Farbe 23;TEPTEMPR05_023;;;ja;nein;ja;ja;jordan;;nur Jordan
MATCH_POSSIBLE;Tempra;MPlus Akzente 2029 2419-15 TR 400 cm;28;Farbe 28;TEPTEMPR04_028,TEPTEMPR05_028;28 Grau Mittel;2059-000131;ja;ja;ja;ja;jordan;mplus;
MATCH_POSSIBLE;Tempra;MPlus Akzente 2029 2419-15 TR 400 cm;29;Farbe 29;TEPTEMPR04_029,TEPTEMPR05_029;29 Grau Dunkel;2059-000132;ja;ja;ja;ja;jordan;mplus;
MATCH_POSSIBLE;Tempra;MPlus Akzente 2029 2419-15 TR 400 cm;35;Farbe 35;TEPTEMPR04_035,TEPTEMPR05_035;;;ja;nein;ja;ja;jordan;;nur Jordan
MATCH_POSSIBLE;Tempra;MPlus Akzente 2029 2419-15 TR 400 cm;85;Farbe 85;TEPTEMPR04_085,TEPTEMPR05_085;;;ja;nein;ja;ja;jordan;;nur Jordan
NO_MATCH;Damos;;0;x 500,0;TEPDAMOS4,TEPDAMOS5;;;ja;nein;ja;ja;jordan;;nur Jordan
NO_MATCH;Damos;;31;Farbe 31;TEPDAMOS4_031,TEPDAMOS5_031;;;ja;nein;ja;ja;jordan;;nur Jordan
NO_MATCH;Damos;;35;Farbe 35;TEPDAMOS4_035,TEPDAMOS5_035;;;ja;nein;ja;ja;jordan;;nur Jordan
NO_MATCH;Damos;;62;Farbe 62;TEPDAMOS4_062,TEPDAMOS5_062;;;ja;nein;ja;ja;jordan;;nur Jordan
NO_MATCH;Damos;;65;Farbe 65;TEPDAMOS4_065,TEPDAMOS5_065;;;ja;nein;ja;ja;jordan;;nur Jordan
NO_MATCH;Damos;;68;Farbe 68;TEPDAMOS4_068,TEPDAMOS5_068;;;ja;nein;ja;ja;jordan;;nur Jordan
NO_MATCH;Damos;;71;Farbe 71;TEPDAMOS4_071,TEPDAMOS5_071;;;ja;nein;ja;ja;jordan;;nur Jordan
NO_MATCH;Damos;;74;Farbe 74;TEPDAMOS4_074,TEPDAMOS5_074;;;ja;nein;ja;ja;jordan;;nur Jordan
NO_MATCH;Damos;;77;Farbe 77;TEPDAMOS4_077,TEPDAMOS5_077;;;ja;nein;ja;ja;jordan;;nur Jordan
NO_MATCH;Damos;;79;Farbe 79;TEPDAMOS4_079,TEPDAMOS5_079;;;ja;nein;ja;ja;jordan;;nur Jordan
NO_MATCH;Damos;;83;Farbe 83;TEPDAMOS4_083,TEPDAMOS5_083;;;ja;nein;ja;ja;jordan;;nur Jordan
NO_MATCH;Astro;;0;x 500,0;TEPASTR4,TEPASTR5;;;ja;nein;ja;ja;jordan;;nur Jordan
NO_MATCH;Astro;;221;Farbe 221;TEPASTR4_221,TEPASTR5_221;;;ja;nein;ja;ja;jordan;;nur Jordan
NO_MATCH;Astro;;231;Farbe 231;TEPASTR4_231,TEPASTR5_231;;;ja;nein;ja;ja;jordan;;nur Jordan
NO_MATCH;Astro;;241;Farbe 241;TEPASTR4_241,TEPASTR5_241;;;ja;nein;ja;ja;jordan;;nur Jordan
NO_MATCH;Astro;;252;Farbe 252;TEPASTR4_252,TEPASTR5_252;;;ja;nein;ja;ja;jordan;;nur Jordan
NO_MATCH;Astro;;262;Farbe 262;TEPASTR4_262,TEPASTR5_262;;;ja;nein;ja;ja;jordan;;nur Jordan
NO_MATCH;Astro;;332;Farbe 332;TEPASTR4_332,TEPASTR5_332;;;ja;nein;ja;ja;jordan;;nur Jordan
NO_MATCH;Astro;;462;Farbe 462;TEPASTR4_462,TEPASTR5_462;;;ja;nein;ja;ja;jordan;;nur Jordan
NO_MATCH;Astro;;630;Farbe 630;TEPASTR4_630,TEPASTR5_630;;;ja;nein;ja;ja;jordan;;nur Jordan
NO_MATCH;Astro;;764;Farbe 764;TEPASTR4_764,TEPASTR5_764;;;ja;nein;ja;ja;jordan;;nur Jordan
NO_MATCH;Astro;;820;Farbe 820;TEPASTR4_820,TEPASTR5_820;;;ja;nein;ja;ja;jordan;;nur Jordan
NO_MATCH;Astro;;832;Farbe 832;TEPASTR4_832,TEPASTR5_832;;;ja;nein;ja;ja;jordan;;nur Jordan
NO_MATCH;Astro;;861;Farbe 861;TEPASTR4_861,TEPASTR5_861;;;ja;nein;ja;ja;jordan;;nur Jordan
MATCH_PROBABLE;Limbo;MPlus Akzente 2029 2418-70 TR 400 cm;0;x 500,0;TEPLIMBO4,TEPLIMBO5;;;ja;nein;ja;ja;jordan;;nur Jordan
MATCH_PROBABLE;Limbo;MPlus Akzente 2029 2418-70 TR 400 cm;70;Farbe 70;TEPLIMBO4_070,TEPLIMBO5_070;70 Beige Hell;2052-000920;ja;ja;ja;ja;jordan;mplus;
MATCH_PROBABLE;Limbo;MPlus Akzente 2029 2418-70 TR 400 cm;74;Farbe 74;TEPLIMBO4_074,TEPLIMBO5_074;74 Grau Hell;2052-000921;ja;ja;ja;ja;jordan;mplus;
MATCH_PROBABLE;Limbo;MPlus Akzente 2029 2418-70 TR 400 cm;76;Farbe 76;TEPLIMBO4_076,TEPLIMBO5_076;76 Grau Mittel;2052-000922;ja;ja;ja;ja;jordan;mplus;
MATCH_PROBABLE;Limbo;MPlus Akzente 2029 2418-70 TR 400 cm;78;Farbe 78;TEPLIMBO4_078,TEPLIMBO5_078;;;ja;nein;ja;ja;jordan;;nur Jordan
MATCH_PROBABLE;Limbo;MPlus Akzente 2029 2418-70 TR 400 cm;82;Farbe 82;TEPLIMBO4_082,TEPLIMBO5_082;82 Blau Mittel;2052-000923;ja;ja;ja;ja;jordan;mplus;
MATCH_PROBABLE;Limbo;MPlus Akzente 2029 2418-70 TR 400 cm;90;Farbe 90;TEPLIMBO4_090,TEPLIMBO5_090;90 Braun Hell;2052-000926;ja;ja;ja;ja;jordan;mplus;
MATCH_PROBABLE;Limbo;MPlus Akzente 2029 2418-70 TR 400 cm;170;Farbe 170;TEPLIMBO4_170,TEPLIMBO5_170;170 Beige Mittel;2052-000924;ja;ja;ja;ja;jordan;mplus;
MATCH_PROBABLE;Limbo;MPlus Akzente 2029 2418-70 TR 400 cm;178;Farbe 178;TEPLIMBO4_178,TEPLIMBO5_178;178 Schwarz Dunkel;2052-000925;ja;ja;ja;ja;jordan;mplus;
MATCH_PROBABLE;Limbo;MPlus Akzente 2029 2418-70 TR 400 cm;282;Farbe 282;TEPLIMBO4_282,TEPLIMBO5_282;;;ja;nein;ja;ja;jordan;;nur Jordan
NO_MATCH;Lagos;;0;x 500,0;TEPLAGOS4,TEPLAGOS5;;;ja;nein;ja;ja;jordan;;nur Jordan
NO_MATCH;Lagos;;72;Farbe 72;TEPLAGOS4_072,TEPLAGOS5_072;;;ja;nein;ja;ja;jordan;;nur Jordan
NO_MATCH;Lagos;;75;Farbe 75;TEPLAGOS4_075,TEPLAGOS5_075;;;ja;nein;ja;ja;jordan;;nur Jordan
NO_MATCH;Lagos;;77;Farbe 77;TEPLAGOS4_077,TEPLAGOS5_077;;;ja;nein;ja;ja;jordan;;nur Jordan
NO_MATCH;Lagos;;90;Farbe 90;TEPLAGOS4_090,TEPLAGOS5_090;;;ja;nein;ja;ja;jordan;;nur Jordan
NO_MATCH;Lagos;;91;Farbe 91;TEPLAGOS4_091,TEPLAGOS5_091;;;ja;nein;ja;ja;jordan;;nur Jordan
NO_MATCH;Lagos;;92;Farbe 92;TEPLAGOS4_092,TEPLAGOS5_092;;;ja;nein;ja;ja;jordan;;nur Jordan
NO_MATCH;Lagos;;93;Farbe 93;TEPLAGOS4_093,TEPLAGOS5_093;;;ja;nein;ja;ja;jordan;;nur Jordan
NO_MATCH;Lagos;;94;Farbe 94;TEPLAGOS4_094,TEPLAGOS5_094;;;ja;nein;ja;ja;jordan;;nur Jordan
NO_MATCH;Lagos;;176;Farbe 176;TEPLAGOS4_176,TEPLAGOS5_176;;;ja;nein;ja;ja;jordan;;nur Jordan
NO_MATCH;Lagos;;177;Farbe 177;TEPLAGOS4_177,TEPLAGOS5_177;;;ja;nein;ja;ja;jordan;;nur Jordan
NO_MATCH;Lagos;;190;Farbe 190;TEPLAGOS4_190,TEPLAGOS5_190;;;ja;nein;ja;ja;jordan;;nur Jordan
MATCH_PROBABLE;Lorna;MPlus Extrem 2029 TB 1160-033 TR 400 cm;0;x 500,0;TEPLORN04,TEPLORN05;;;ja;nein;ja;ja;jordan;;nur Jordan
MATCH_PROBABLE;Lorna;MPlus Extrem 2029 TB 1160-033 TR 400 cm;21;Farbe 21;TEPLORN04_021,TEPLORN05_021;;;ja;nein;ja;ja;jordan;;nur Jordan
MATCH_PROBABLE;Lorna;MPlus Extrem 2029 TB 1160-033 TR 400 cm;33;Farbe 33;TEPLORN04_033,TEPLORN05_033;33 Beige Dunkel;2208-000488;ja;ja;ja;ja;jordan;mplus;
MATCH_PROBABLE;Lorna;MPlus Extrem 2029 TB 1160-033 TR 400 cm;40;Farbe 40;TEPLORN04_040,TEPLORN05_040;40 Grau Dunkel;2208-000489;ja;ja;ja;ja;jordan;mplus;
MATCH_PROBABLE;Lorna;MPlus Extrem 2029 TB 1160-033 TR 400 cm;43;Farbe 43 (nur in Format);TEPLORN04_043,TEPLORN05_043;;;ja;nein;ja;ja;jordan;;nur Jordan
MATCH_PROBABLE;Lorna;MPlus Extrem 2029 TB 1160-033 TR 400 cm;77;Farbe 77;TEPLORN04_077,TEPLORN05_077;77 Blau Dunkel;2208-000490;ja;ja;ja;ja;jordan;mplus;
MATCH_PROBABLE;Lorna;MPlus Extrem 2029 TB 1160-033 TR 400 cm;84;Farbe 84;TEPLORN04_084,TEPLORN05_084;;;ja;nein;ja;ja;jordan;;nur Jordan
MATCH_PROBABLE;Lorna;MPlus Extrem 2029 TB 1160-033 TR 400 cm;90;Farbe 90;TEPLORN04_090,TEPLORN05_090;90 Grau Hell;2208-000491;ja;ja;ja;ja;jordan;mplus;
MATCH_PROBABLE;Lorna;MPlus Extrem 2029 TB 1160-033 TR 400 cm;94;Farbe 94;TEPLORN04_094,TEPLORN05_094;;;ja;nein;ja;ja;jordan;;nur Jordan
MATCH_PROBABLE;Lorna;MPlus Extrem 2029 TB 1160-033 TR 400 cm;97;Farbe 97;TEPLORN04_097,TEPLORN05_097;97 Schwarz Hell;2208-000492;ja;ja;ja;ja;jordan;mplus;
MATCH_PROBABLE;Lorna;MPlus Extrem 2029 TB 1160-033 TR 400 cm;98;Farbe 98;TEPLORN04_098,TEPLORN05_098;98 Grau Dunkel;2208-000493;ja;ja;ja;ja;jordan;mplus;
MATCH_PROBABLE;Lorna;MPlus Extrem 2029 TB 1160-033 TR 400 cm;99;Farbe 99;TEPLORN04_099,TEPLORN05_099;;;ja;nein;ja;ja;jordan;;nur Jordan
NO_MATCH;Riva;;0;x 400,0;TEPRIVAO4,TEPRIVAO5;;;ja;nein;ja;ja;jordan;;nur Jordan
NO_MATCH;Riva;;14;Farbe 14;TEPRIVAO4_014,TEPRIVAO5_014;;;ja;nein;ja;ja;jordan;;nur Jordan
NO_MATCH;Riva;;29;Farbe 29;TEPRIVAO4_029,TEPRIVAO5_029;;;ja;nein;ja;ja;jordan;;nur Jordan
NO_MATCH;Riva;;31;Farbe 31;TEPRIVAO4_031,TEPRIVAO5_031;;;ja;nein;ja;ja;jordan;;nur Jordan
NO_MATCH;Riva;;39;Farbe 39;TEPRIVAO4_039,TEPRIVAO5_039;;;ja;nein;ja;ja;jordan;;nur Jordan
NO_MATCH;Riva;;53;Farbe 53;TEPRIVAO4_053,TEPRIVAO5_053;;;ja;nein;ja;ja;jordan;;nur Jordan
NO_MATCH;Riva;;64;Farbe 64;TEPRIVAO4_064,TEPRIVAO5_064;;;ja;nein;ja;ja;jordan;;nur Jordan
NO_MATCH;Riva;;79;Farbe 79;TEPRIVAO4_079,TEPRIVAO5_079;;;ja;nein;ja;ja;jordan;;nur Jordan
NO_MATCH;Riva;;95;Farbe 95;TEPRIVAO4_095,TEPRIVAO5_095;;;ja;nein;ja;ja;jordan;;nur Jordan
NO_MATCH;Riva;;98;Farbe 98;TEPRIVAO4_098,TEPRIVAO5_098;;;ja;nein;ja;ja;jordan;;nur Jordan
NO_MATCH;Nero;;0;x 500,0;TEPNER04,TEPNER05;;;ja;nein;ja;ja;jordan;;nur Jordan
NO_MATCH;Nero;;710;Farbe 710;TEPNER04_710,TEPNER05_710;;;ja;nein;ja;ja;jordan;;nur Jordan
NO_MATCH;Nero;;712;Farbe 712;TEPNER04_712,TEPNER05_712;;;ja;nein;ja;ja;jordan;;nur Jordan
NO_MATCH;Nero;;714;Farbe 714;TEPNER04_714,TEPNER05_714;;;ja;nein;ja;ja;jordan;;nur Jordan
NO_MATCH;Nero;;715;Farbe 715;TEPNER04_715,TEPNER05_715;;;ja;nein;ja;ja;jordan;;nur Jordan
NO_MATCH;Lara;;0;x 500,0;TEPLARA04,TEPLARA05;;;ja;nein;ja;ja;jordan;;nur Jordan
NO_MATCH;Lara;;10;Farbe 10;TEPLARA04_010,TEPLARA05_010;;;ja;nein;ja;ja;jordan;;nur Jordan
NO_MATCH;Lara;;15;Farbe 15;TEPLARA04_015,TEPLARA05_015;;;ja;nein;ja;ja;jordan;;nur Jordan
NO_MATCH;Lara;;20;Farbe 20;TEPLARA04_020,TEPLARA05_020;;;ja;nein;ja;ja;jordan;;nur Jordan
NO_MATCH;Lara;;40;Farbe 40;TEPLARA04_040,TEPLARA05_040;;;ja;nein;ja;ja;jordan;;nur Jordan
NO_MATCH;Lara;;50;Farbe 50;TEPLARA04_050,TEPLARA05_050;;;ja;nein;ja;ja;jordan;;nur Jordan
NO_MATCH;Lara;;55;Farbe 55;TEPLARA04_055,TEPLARA05_055;;;ja;nein;ja;ja;jordan;;nur Jordan
NO_MATCH;Lara;;69;Farbe 69;TEPLARA04_069,TEPLARA05_069;;;ja;nein;ja;ja;jordan;;nur Jordan
NO_MATCH;Lara;;70;Farbe 70;TEPLARA04_070,TEPLARA05_070;;;ja;nein;ja;ja;jordan;;nur Jordan
NO_MATCH;Lara;;72;Farbe 72;TEPLARA04_072,TEPLARA05_072;;;ja;nein;ja;ja;jordan;;nur Jordan
NO_MATCH;Lara;;73;Farbe 73;TEPLARA04_073,TEPLARA05_073;;;ja;nein;ja;ja;jordan;;nur Jordan
NO_MATCH;Lara;;74;Farbe 74;TEPLARA04_074,TEPLARA05_074;;;ja;nein;ja;ja;jordan;;nur Jordan
NO_MATCH;Lara;;75;Farbe 75;TEPLARA04_075,TEPLARA05_075;;;ja;nein;ja;ja;jordan;;nur Jordan
NO_MATCH;Lara;;76;Farbe 76;TEPLARA04_076,TEPLARA05_076;;;ja;nein;ja;ja;jordan;;nur Jordan
NO_MATCH;Lara;;77;Farbe 77;TEPLARA04_077,TEPLARA05_077;;;ja;nein;ja;ja;jordan;;nur Jordan
NO_MATCH;Lara;;78;Farbe 78;TEPLARA04_078,TEPLARA05_078;;;ja;nein;ja;ja;jordan;;nur Jordan
NO_MATCH;Lara;;81;Farbe 81;TEPLARA04_081,TEPLARA05_081;;;ja;nein;ja;ja;jordan;;nur Jordan
NO_MATCH;Lara;;91;Farbe 91;TEPLARA04_091,TEPLARA05_091;;;ja;nein;ja;ja;jordan;;nur Jordan
NO_MATCH;Lara;;92;Farbe 92;TEPLARA04_092,TEPLARA05_092;;;ja;nein;ja;ja;jordan;;nur Jordan
NO_MATCH;Lara;;173;Farbe 173;TEPLARA04_173,TEPLARA05_173;;;ja;nein;ja;ja;jordan;;nur Jordan
NO_MATCH;Lara;;174;Farbe 174;TEPLARA04_174,TEPLARA05_174;;;ja;nein;ja;ja;jordan;;nur Jordan
NO_MATCH;Nubia;;0;x 400,0;TEPNUBIA4,TEPNUBIA5;;;ja;nein;ja;ja;jordan;;nur Jordan
NO_MATCH;Nubia;;72;Farbe 72;TEPNUBIA4_072,TEPNUBIA5_072;;;ja;nein;ja;ja;jordan;;nur Jordan
NO_MATCH;Nubia;;73;Farbe 73;TEPNUBIA4_073,TEPNUBIA5_073;;;ja;nein;ja;ja;jordan;;nur Jordan
NO_MATCH;Nubia;;75;Farbe 75;TEPNUBIA4_075,TEPNUBIA5_075;;;ja;nein;ja;ja;jordan;;nur Jordan
NO_MATCH;Nubia;;78;Farbe 78;TEPNUBIA4_078,TEPNUBIA5_078;;;ja;nein;ja;ja;jordan;;nur Jordan
NO_MATCH;Nubia;;83;Farbe 83;TEPNUBIA4_083,TEPNUBIA5_083;;;ja;nein;ja;ja;jordan;;nur Jordan
NO_MATCH;Nubia;;92;Farbe 92;TEPNUBIA4_092,TEPNUBIA5_092;;;ja;nein;ja;ja;jordan;;nur Jordan
NO_MATCH;Nubia;;175;Farbe 175;TEPNUBIA4_175,TEPNUBIA5_175;;;ja;nein;ja;ja;jordan;;nur Jordan
NO_MATCH;Nubia;;176;Farbe 176;TEPNUBIA4_176,TEPNUBIA5_176;;;ja;nein;ja;ja;jordan;;nur Jordan
NO_MATCH;Samba;;0;x 500,0;TEPSAMBA04,TEPSAMBA05;;;ja;nein;ja;ja;jordan;;nur Jordan
NO_MATCH;Samba;;810;Farbe 810;TEPSAMBA04_810,TEPSAMBA05_810;;;ja;nein;ja;ja;jordan;;nur Jordan
NO_MATCH;Samba;;812;Farbe 812;TEPSAMBA04_812,TEPSAMBA05_812;;;ja;nein;ja;ja;jordan;;nur Jordan
NO_MATCH;Samba;;814;Farbe 814;TEPSAMBA04_814,TEPSAMBA05_814;;;ja;nein;ja;ja;jordan;;nur Jordan
NO_MATCH;Samba;;815;Farbe 815;TEPSAMBA04_815,TEPSAMBA05_815;;;ja;nein;ja;ja;jordan;;nur Jordan
REVIEW_REQUIRED;Doria;MPlus Akzente 2029 2411-43 VR 400 cm;0;x 400,0;TEPDORIA4,TEPDORIA5;;;ja;nein;ja;ja;jordan;;nur Jordan
REVIEW_REQUIRED;Doria;MPlus Akzente 2029 2411-43 VR 400 cm;33;Farbe 33;TEPDORIA4_033,TEPDORIA5_033;33 Beige Mittel;2014-002893;ja;ja;ja;ja;jordan;mplus;
REVIEW_REQUIRED;Doria;MPlus Akzente 2029 2411-43 VR 400 cm;43;Farbe 43;TEPDORIA4_043,TEPDORIA5_043;43 Braun Mittel;2014-002894;ja;ja;ja;ja;jordan;mplus;
REVIEW_REQUIRED;Doria;MPlus Akzente 2029 2411-43 VR 400 cm;52;Farbe 52;TEPDORIA4_052,TEPDORIA5_052;52 Gelb Dunkel;2014-002895;ja;ja;ja;ja;jordan;mplus;
REVIEW_REQUIRED;Doria;MPlus Akzente 2029 2411-43 VR 400 cm;65;Farbe 65;TEPDORIA4_065,TEPDORIA5_065;65 Orange Dunkel;2014-002896;ja;ja;ja;ja;jordan;mplus;
REVIEW_REQUIRED;Doria;MPlus Akzente 2029 2411-43 VR 400 cm;74;Farbe 74;TEPDORIA4_074,TEPDORIA5_074;74 Blau Hell;2014-002897;ja;ja;ja;ja;jordan;mplus;
REVIEW_REQUIRED;Doria;MPlus Akzente 2029 2411-43 VR 400 cm;92;Farbe 92;TEPDORIA4_092,TEPDORIA5_092;92 Grau Mittel;2014-002898;ja;ja;ja;ja;jordan;mplus;
REVIEW_REQUIRED;Doria;MPlus Akzente 2029 2411-43 VR 400 cm;97;Farbe 97;TEPDORIA4_097,TEPDORIA5_097;97 Grau Dunkel;2014-002899;ja;ja;ja;ja;jordan;mplus;
REVIEW_REQUIRED;Doria;MPlus Akzente 2029 2411-43 VR 400 cm;98;Farbe 98;TEPDORIA4_098,TEPDORIA5_098;;;ja;nein;ja;ja;jordan;;nur Jordan
MATCH_POSSIBLE;Solid;MPlus Akzente 2029 2404-11 TR 400 cm;0;x 400,0;TEPSOLI04,TEPSOLI05;;;ja;nein;ja;ja;jordan;;nur Jordan
MATCH_POSSIBLE;Solid;MPlus Akzente 2029 2404-11 TR 400 cm;11;Farbe 11;TEPSOLI04_011,TEPSOLI05_011;11 Grau Hell;2059-000101;ja;ja;ja;ja;jordan;mplus;
MATCH_POSSIBLE;Solid;MPlus Akzente 2029 2404-11 TR 400 cm;13;Farbe 13;TEPSOLI04_013,TEPSOLI05_013;13 Beige Hell;2059-000102;ja;ja;ja;ja;jordan;mplus;
MATCH_POSSIBLE;Solid;MPlus Akzente 2029 2404-11 TR 400 cm;14;Farbe 14;TEPSOLI04_014,TEPSOLI05_014;14 Beige Mittel;2059-000103;ja;ja;ja;ja;jordan;mplus;
MATCH_POSSIBLE;Solid;MPlus Akzente 2029 2404-11 TR 400 cm;17;Farbe 17;TEPSOLI04_017,TEPSOLI05_017;17 Braun Hell;2059-000104;ja;ja;ja;ja;jordan;mplus;
MATCH_POSSIBLE;Solid;MPlus Akzente 2029 2404-11 TR 400 cm;24;Farbe 24;TEPSOLI04_024,TEPSOLI05_024;24 Grau Mittel;2059-000105;ja;ja;ja;ja;jordan;mplus;
MATCH_POSSIBLE;Solid;MPlus Akzente 2029 2404-11 TR 400 cm;32;;;32 Blau Hell;2059-000106;nein;ja;nein;nein;mplus;;nur M-Plus - kein Wunschmass/Kettelservice annehmen
MATCH_POSSIBLE;Solid;MPlus Akzente 2029 2404-11 TR 400 cm;43;;;43 Grün Hell;2059-000107;nein;ja;nein;nein;mplus;;nur M-Plus - kein Wunschmass/Kettelservice annehmen
NO_MATCH;Borneo;;0;x 500,0;TEPBORNEO4,TEPBORNEO5;;;ja;nein;ja;ja;jordan;;nur Jordan
NO_MATCH;Borneo;;21;Farbe 21;TEPBORNEO4_021,TEPBORNEO5_021;;;ja;nein;ja;ja;jordan;;nur Jordan
NO_MATCH;Borneo;;33;Farbe 33;TEPBORNEO4_033,TEPBORNEO5_033;;;ja;nein;ja;ja;jordan;;nur Jordan
NO_MATCH;Borneo;;36;Farbe 36;TEPBORNEO4_036,TEPBORNEO5_036;;;ja;nein;ja;ja;jordan;;nur Jordan
NO_MATCH;Borneo;;49;Farbe 49;TEPBORNEO4_049,TEPBORNEO5_049;;;ja;nein;ja;ja;jordan;;nur Jordan
NO_MATCH;Borneo;;54;Farbe 54;TEPBORNEO4_054,TEPBORNEO5_054;;;ja;nein;ja;ja;jordan;;nur Jordan
NO_MATCH;Borneo;;74;Farbe 74;TEPBORNEO4_074,TEPBORNEO5_074;;;ja;nein;ja;ja;jordan;;nur Jordan
NO_MATCH;Borneo;;80;Farbe 80;TEPBORNEO4_080,TEPBORNEO5_080;;;ja;nein;ja;ja;jordan;;nur Jordan
NO_MATCH;Borneo;;95;Farbe 95;TEPBORNEO4_095,TEPBORNEO5_095;;;ja;nein;ja;ja;jordan;;nur Jordan
NO_MATCH;Borneo;;98;Farbe 98;TEPBORNEO4_098,TEPBORNEO5_098;;;ja;nein;ja;ja;jordan;;nur Jordan
NO_MATCH;Borneo;;99;Farbe 99;TEPBORNEO4_099,TEPBORNEO5_099;;;ja;nein;ja;ja;jordan;;nur Jordan
NO_MATCH;Samir;;0;x 400,0;TEPSAMIR4,TEPSAMIR5;;;ja;nein;ja;ja;jordan;;nur Jordan
NO_MATCH;Samir;;180;Farbe 180;TEPSAMIR4_180,TEPSAMIR5_180;;;ja;nein;ja;ja;jordan;;nur Jordan
NO_MATCH;Samir;;250;Farbe 250;TEPSAMIR4_250,TEPSAMIR5_250;;;ja;nein;ja;ja;jordan;;nur Jordan
NO_MATCH;Samir;;260;Farbe 260;TEPSAMIR4_260,TEPSAMIR5_260;;;ja;nein;ja;ja;jordan;;nur Jordan
NO_MATCH;Samir;;420;Farbe 420;TEPSAMIR4_420,TEPSAMIR5_420;;;ja;nein;ja;ja;jordan;;nur Jordan
NO_MATCH;Samir;;780;Farbe 780;TEPSAMIR4_780,TEPSAMIR5_780;;;ja;nein;ja;ja;jordan;;nur Jordan
NO_MATCH;Samir;;800;Farbe 800;TEPSAMIR4_800,TEPSAMIR5_800;;;ja;nein;ja;ja;jordan;;nur Jordan
NO_MATCH;Samir;;820;Farbe 820;TEPSAMIR4_820,TEPSAMIR5_820;;;ja;nein;ja;ja;jordan;;nur Jordan
NO_MATCH;Samir;;830;Farbe 830;TEPSAMIR4_830,TEPSAMIR5_830;;;ja;nein;ja;ja;jordan;;nur Jordan
NO_MATCH;Samir;;840;Farbe 840;TEPSAMIR4_840,TEPSAMIR5_840;;;ja;nein;ja;ja;jordan;;nur Jordan
NO_MATCH;Samir;;850;Farbe 850;TEPSAMIR4_850,TEPSAMIR5_850;;;ja;nein;ja;ja;jordan;;nur Jordan
NO_MATCH;Vero;;0;x 500,0;TEPVER04,TEPVER05;;;ja;nein;ja;ja;jordan;;nur Jordan
NO_MATCH;Vero;;27;Farbe 27;TEPVER04_027,TEPVER05_027;;;ja;nein;ja;ja;jordan;;nur Jordan
NO_MATCH;Vero;;34;Farbe 34;TEPVER04_034,TEPVER05_034;;;ja;nein;ja;ja;jordan;;nur Jordan
NO_MATCH;Vero;;39;Farbe 39;TEPVER04_039,TEPVER05_039;;;ja;nein;ja;ja;jordan;;nur Jordan
NO_MATCH;Vero;;77;Farbe 77;TEPVER04_077,TEPVER05_077;;;ja;nein;ja;ja;jordan;;nur Jordan
NO_MATCH;Vero;;84;Farbe 84;TEPVER04_084,TEPVER05_084;;;ja;nein;ja;ja;jordan;;nur Jordan
NO_MATCH;Vero;;90;Farbe 90;TEPVER04_090,TEPVER05_090;;;ja;nein;ja;ja;jordan;;nur Jordan
NO_MATCH;Vero;;97;Farbe 97;TEPVER04_097,TEPVER05_097;;;ja;nein;ja;ja;jordan;;nur Jordan
NO_MATCH;Bari;;0;x 500,0;TEPBAR4,TEPBAR5;;;ja;nein;ja;ja;jordan;;nur Jordan
NO_MATCH;Bari;;410;Farbe 410;TEPBAR4_410,TEPBAR5_410;;;ja;nein;ja;ja;jordan;;nur Jordan
NO_MATCH;Bari;;412;Farbe 412;TEPBAR4_412,TEPBAR5_412;;;ja;nein;ja;ja;jordan;;nur Jordan
NO_MATCH;Bari;;414;Farbe 414;TEPBAR4_414,TEPBAR5_414;;;ja;nein;ja;ja;jordan;;nur Jordan
NO_MATCH;Bari;;415;Farbe 415;TEPBAR4_415,TEPBAR5_415;;;ja;nein;ja;ja;jordan;;nur Jordan
NO_MATCH;Cala;;0;x 500,0;TEPCAL4,TEPCAL5;;;ja;nein;ja;ja;jordan;;nur Jordan
NO_MATCH;Cala;;24;Farbe 24;TEPCAL4_024,TEPCAL5_024;;;ja;nein;ja;ja;jordan;;nur Jordan
NO_MATCH;Cala;;33;Farbe 33;TEPCAL4_033,TEPCAL5_033;;;ja;nein;ja;ja;jordan;;nur Jordan
NO_MATCH;Cala;;34;Farbe 34;TEPCAL4_034,TEPCAL5_034;;;ja;nein;ja;ja;jordan;;nur Jordan
NO_MATCH;Cala;;39;Farbe 39;TEPCAL4_039,TEPCAL5_039;;;ja;nein;ja;ja;jordan;;nur Jordan
NO_MATCH;Cala;;40;Farbe 40;TEPCAL4_040,TEPCAL5_040;;;ja;nein;ja;ja;jordan;;nur Jordan
NO_MATCH;Cala;;60;Farbe 60;TEPCAL4_060,TEPCAL5_060;;;ja;nein;ja;ja;jordan;;nur Jordan
NO_MATCH;Cala;;90;Farbe 90;TEPCAL4_090,TEPCAL5_090;;;ja;nein;ja;ja;jordan;;nur Jordan
NO_MATCH;Cala;;95;Farbe 95;TEPCAL4_095,TEPCAL5_095;;;ja;nein;ja;ja;jordan;;nur Jordan
NO_MATCH;Mila;;0;x 400,0;TEPMIL04;;;ja;nein;ja;ja;jordan;;nur Jordan
NO_MATCH;Mila;;26;Farbe 26;TEPMIL04_026;;;ja;nein;ja;ja;jordan;;nur Jordan
NO_MATCH;Mila;;31;Farbe 31;TEPMIL04_031;;;ja;nein;ja;ja;jordan;;nur Jordan
NO_MATCH;Mila;;36;Farbe 36;TEPMIL04_036;;;ja;nein;ja;ja;jordan;;nur Jordan
NO_MATCH;Mila;;45;Farbe 45;TEPMIL04_045;;;ja;nein;ja;ja;jordan;;nur Jordan
NO_MATCH;Mila;;49;Farbe 49;TEPMIL04_049;;;ja;nein;ja;ja;jordan;;nur Jordan
NO_MATCH;Mila;;74;Farbe 74;TEPMIL04_074;;;ja;nein;ja;ja;jordan;;nur Jordan
NO_MATCH;Mila;;94;Farbe 94;TEPMIL04_094;;;ja;nein;ja;ja;jordan;;nur Jordan
NO_MATCH;Mila;;95;Farbe 95;TEPMIL04_095;;;ja;nein;ja;ja;jordan;;nur Jordan
NO_MATCH;Mila;;97;Farbe 97;TEPMIL04_097;;;ja;nein;ja;ja;jordan;;nur Jordan
NO_MATCH;Altro;;0;x 400,0;TEPALTRO4,TEPALTRO5;;;ja;nein;ja;ja;jordan;;nur Jordan
NO_MATCH;Altro;;22;Farbe 22;TEPALTRO4_022,TEPALTRO5_022;;;ja;nein;ja;ja;jordan;;nur Jordan
NO_MATCH;Altro;;63;Farbe 63;TEPALTRO4_063,TEPALTRO5_063;;;ja;nein;ja;ja;jordan;;nur Jordan
NO_MATCH;Altro;;71;Farbe 71;TEPALTRO4_071,TEPALTRO5_071;;;ja;nein;ja;ja;jordan;;nur Jordan
NO_MATCH;Altro;;73;Farbe 73;TEPALTRO4_073,TEPALTRO5_073;;;ja;nein;ja;ja;jordan;;nur Jordan
NO_MATCH;Altro;;77;Farbe 77;TEPALTRO4_077,TEPALTRO5_077;;;ja;nein;ja;ja;jordan;;nur Jordan
NO_MATCH;Altro;;81;Farbe 81;TEPALTRO4_081,TEPALTRO5_081;;;ja;nein;ja;ja;jordan;;nur Jordan
NO_MATCH;Altro;;91;Farbe 91;TEPALTRO4_091,TEPALTRO5_091;;;ja;nein;ja;ja;jordan;;nur Jordan
MATCH_PROBABLE;Plaza;MPlus Akzente 2029 2403-22 TR 400 cm;0;x 400,0;TEPPLAZ04,TEPPLAZ05;;;ja;nein;ja;ja;jordan;;nur Jordan
MATCH_PROBABLE;Plaza;MPlus Akzente 2029 2403-22 TR 400 cm;22;Farbe 22;TEPPLAZ04_022,TEPPLAZ05_022;22 Rot Mittel;2052-000872;ja;ja;ja;ja;jordan;mplus;
MATCH_PROBABLE;Plaza;MPlus Akzente 2029 2403-22 TR 400 cm;42;Farbe 42;TEPPLAZ04_042,TEPPLAZ05_042;;;ja;nein;ja;ja;jordan;;nur Jordan
MATCH_PROBABLE;Plaza;MPlus Akzente 2029 2403-22 TR 400 cm;70;Farbe 70;TEPPLAZ04_070,TEPPLAZ05_070;70 Weiß Mittel;2052-000873;ja;ja;ja;ja;jordan;mplus;
MATCH_PROBABLE;Plaza;MPlus Akzente 2029 2403-22 TR 400 cm;72;Farbe 72;TEPPLAZ04_072,TEPPLAZ05_072;72 Braun Hell;2052-000874;ja;ja;ja;ja;jordan;mplus;
MATCH_PROBABLE;Plaza;MPlus Akzente 2029 2403-22 TR 400 cm;75;Farbe 75;TEPPLAZ04_075,TEPPLAZ05_075;75 Grau Hell;2052-000875;ja;ja;ja;ja;jordan;mplus;
MATCH_PROBABLE;Plaza;MPlus Akzente 2029 2403-22 TR 400 cm;76;Farbe 76;TEPPLAZ04_076,TEPPLAZ05_076;76 Grau Mittel;2052-000876;ja;ja;ja;ja;jordan;mplus;
MATCH_PROBABLE;Plaza;MPlus Akzente 2029 2403-22 TR 400 cm;77;Farbe 77;TEPPLAZ04_077,TEPPLAZ05_077;;;ja;nein;ja;ja;jordan;;nur Jordan
MATCH_PROBABLE;Plaza;MPlus Akzente 2029 2403-22 TR 400 cm;78;Farbe 78;TEPPLAZ04_078,TEPPLAZ05_078;;;ja;nein;ja;ja;jordan;;nur Jordan
MATCH_PROBABLE;Plaza;MPlus Akzente 2029 2403-22 TR 400 cm;79;Farbe 79;TEPPLAZ04_079,TEPPLAZ05_079;;;ja;nein;ja;ja;jordan;;nur Jordan
MATCH_PROBABLE;Plaza;MPlus Akzente 2029 2403-22 TR 400 cm;80;Farbe 80;TEPPLAZ04_080,TEPPLAZ05_080;;;ja;nein;ja;ja;jordan;;nur Jordan
MATCH_PROBABLE;Plaza;MPlus Akzente 2029 2403-22 TR 400 cm;83;Farbe 83;TEPPLAZ04_083,TEPPLAZ05_083;;;ja;nein;ja;ja;jordan;;nur Jordan
MATCH_PROBABLE;Plaza;MPlus Akzente 2029 2403-22 TR 400 cm;85;Farbe 85;TEPPLAZ04_085;;;ja;nein;ja;ja;jordan;;nur Jordan
MATCH_PROBABLE;Plaza;MPlus Akzente 2029 2403-22 TR 400 cm;86;Farbe 86;TEPPLAZ04_086,TEPPLAZ05_086;;;ja;nein;ja;ja;jordan;;nur Jordan
MATCH_PROBABLE;Plaza;MPlus Akzente 2029 2403-22 TR 400 cm;90;Farbe 90;TEPPLAZ04_090,TEPPLAZ05_090;90 Beige Mittel;2052-000877;ja;ja;ja;ja;jordan;mplus;
MATCH_PROBABLE;Plaza;MPlus Akzente 2029 2403-22 TR 400 cm;92;Farbe 92;TEPPLAZ04_092,TEPPLAZ05_092;;;ja;nein;ja;ja;jordan;;nur Jordan
MATCH_PROBABLE;Plaza;MPlus Akzente 2029 2403-22 TR 400 cm;93;Farbe 93;TEPPLAZ04_093,TEPPLAZ05_093;;;ja;nein;ja;ja;jordan;;nur Jordan
MATCH_PROBABLE;Plaza;MPlus Akzente 2029 2403-22 TR 400 cm;94;Farbe 94;TEPPLAZ04_094,TEPPLAZ05_094;;;ja;nein;ja;ja;jordan;;nur Jordan
MATCH_PROBABLE;Plaza;MPlus Akzente 2029 2403-22 TR 400 cm;178;Farbe 178;TEPPLAZ04_178,TEPPLAZ05_178;178 Schwarz Mittel;2052-000878;ja;ja;ja;ja;jordan;mplus;
NO_MATCH;Rigoletto;;0;x 500,0;TEPRIGO4,TEPRIGO5;;;ja;nein;ja;ja;jordan;;nur Jordan
NO_MATCH;Rigoletto;;28;Farbe 28;TEPRIGO4_028,TEPRIGO5_028;;;ja;nein;ja;ja;jordan;;nur Jordan
NO_MATCH;Rigoletto;;30;Farbe 30;TEPRIGO4_030,TEPRIGO5_030;;;ja;nein;ja;ja;jordan;;nur Jordan
NO_MATCH;Rigoletto;;33;Farbe 33;TEPRIGO4_033,TEPRIGO5_033;;;ja;nein;ja;ja;jordan;;nur Jordan
NO_MATCH;Rigoletto;;34;Farbe 34;TEPRIGO4_034,TEPRIGO5_034;;;ja;nein;ja;ja;jordan;;nur Jordan
NO_MATCH;Rigoletto;;48;Farbe 48;TEPRIGO4_048,TEPRIGO5_048;;;ja;nein;ja;ja;jordan;;nur Jordan
NO_MATCH;Rigoletto;;55;Farbe 55;TEPRIGO4_055,TEPRIGO5_055;;;ja;nein;ja;ja;jordan;;nur Jordan
NO_MATCH;Rigoletto;;62;Farbe 62;TEPRIGO4_062,TEPRIGO5_062;;;ja;nein;ja;ja;jordan;;nur Jordan
NO_MATCH;Rigoletto;;68;Farbe 68;TEPRIGO4_068,TEPRIGO5_068;;;ja;nein;ja;ja;jordan;;nur Jordan
NO_MATCH;Rigoletto;;71;Farbe 71;TEPRIGO4_071,TEPRIGO5_071;;;ja;nein;ja;ja;jordan;;nur Jordan
NO_MATCH;Rigoletto;;93;Farbe 93;TEPRIGO4_093,TEPRIGO5_093;;;ja;nein;ja;ja;jordan;;nur Jordan
NO_MATCH;Rigoletto;;95;Farbe 95;TEPRIGO4_095,TEPRIGO5_095;;;ja;nein;ja;ja;jordan;;nur Jordan
NO_MATCH;Rigoletto;;97;Farbe 97;TEPRIGO4_097,TEPRIGO5_097;;;ja;nein;ja;ja;jordan;;nur Jordan
NO_MATCH;Rigoletto;;141;Farbe 141;TEPRIGO4_141,TEPRIGO5_141;;;ja;nein;ja;ja;jordan;;nur Jordan
NO_MATCH;Rigoletto;;297;Farbe 297;TEPRIGO4_297,TEPRIGO5_297;;;ja;nein;ja;ja;jordan;;nur Jordan
NO_MATCH;Rigoletto;;298;Farbe 298;TEPRIGO4_298,TEPRIGO5_298;;;ja;nein;ja;ja;jordan;;nur Jordan
NO_MATCH;Corsaro;;0;x 500,0;TEPCORSA4,TEPCORSA5;;;ja;nein;ja;ja;jordan;;nur Jordan
NO_MATCH;Corsaro;;21;Farbe 21;TEPCORSA4_021,TEPCORSA5_021;;;ja;nein;ja;ja;jordan;;nur Jordan
NO_MATCH;Corsaro;;29;Farbe 29;TEPCORSA4_029,TEPCORSA5_029;;;ja;nein;ja;ja;jordan;;nur Jordan
NO_MATCH;Corsaro;;31;Farbe 31;TEPCORSA4_031,TEPCORSA5_031;;;ja;nein;ja;ja;jordan;;nur Jordan
NO_MATCH;Corsaro;;32;Farbe 32;TEPCORSA4_032,TEPCORSA5_032;;;ja;nein;ja;ja;jordan;;nur Jordan
NO_MATCH;Corsaro;;34;Farbe 34;TEPCORSA4_034,TEPCORSA5_034;;;ja;nein;ja;ja;jordan;;nur Jordan
NO_MATCH;Corsaro;;38;Farbe 38;TEPCORSA4_038,TEPCORSA5_038;;;ja;nein;ja;ja;jordan;;nur Jordan
NO_MATCH;Corsaro;;39;Farbe 39;TEPCORSA4_039,TEPCORSA5_039;;;ja;nein;ja;ja;jordan;;nur Jordan
NO_MATCH;Corsaro;;49;Farbe 49;TEPCORSA4_049,TEPCORSA5_049;;;ja;nein;ja;ja;jordan;;nur Jordan
NO_MATCH;Corsaro;;52;Farbe 52;TEPCORSA4_052,TEPCORSA5_052;;;ja;nein;ja;ja;jordan;;nur Jordan
NO_MATCH;Corsaro;;57;Farbe 57;TEPCORSA4_057,TEPCORSA5_057;;;ja;nein;ja;ja;jordan;;nur Jordan
NO_MATCH;Corsaro;;65;Farbe 65;TEPCORSA4_065,TEPCORSA5_065;;;ja;nein;ja;ja;jordan;;nur Jordan
NO_MATCH;Corsaro;;90;Farbe 90;TEPCORSA4_090,TEPCORSA5_090;;;ja;nein;ja;ja;jordan;;nur Jordan
NO_MATCH;Corsaro;;93;Farbe 93;TEPCORSA4_093,TEPCORSA5_093;;;ja;nein;ja;ja;jordan;;nur Jordan
NO_MATCH;Corsaro;;96;Farbe 96;TEPCORSA4_096,TEPCORSA5_096;;;ja;nein;ja;ja;jordan;;nur Jordan
NO_MATCH;Corsaro;;98;Farbe 98;TEPCORSA4_098,TEPCORSA5_098;;;ja;nein;ja;ja;jordan;;nur Jordan
NO_MATCH;Ambra;;0;x 500,0;TEPAMBR4,TEPAMBR5;;;ja;nein;ja;ja;jordan;;nur Jordan
NO_MATCH;Ambra;;24;Farbe 24;TEPAMBR4_024,TEPAMBR5_024;;;ja;nein;ja;ja;jordan;;nur Jordan
NO_MATCH;Ambra;;30;Farbe 30;TEPAMBR4_030,TEPAMBR5_030;;;ja;nein;ja;ja;jordan;;nur Jordan
NO_MATCH;Ambra;;34;Farbe 34;TEPAMBR4_034,TEPAMBR5_034;;;ja;nein;ja;ja;jordan;;nur Jordan
NO_MATCH;Ambra;;45;Farbe 45;TEPAMBR4_045,TEPAMBR5_045;;;ja;nein;ja;ja;jordan;;nur Jordan
NO_MATCH;Ambra;;48;Farbe 48;TEPAMBR4_048,TEPAMBR5_048;;;ja;nein;ja;ja;jordan;;nur Jordan
NO_MATCH;Ambra;;49;Farbe 49;TEPAMBR4_049,TEPAMBR5_049;;;ja;nein;ja;ja;jordan;;nur Jordan
NO_MATCH;Ambra;;78;Farbe 78;TEPAMBR4_078,TEPAMBR5_078;;;ja;nein;ja;ja;jordan;;nur Jordan
NO_MATCH;Ambra;;85;Farbe 85;TEPAMBR4_085,TEPAMBR5_085;;;ja;nein;ja;ja;jordan;;nur Jordan
NO_MATCH;Ambra;;93;Farbe 93;TEPAMBR4_093,TEPAMBR5_093;;;ja;nein;ja;ja;jordan;;nur Jordan
NO_MATCH;Ambra;;95;Farbe 95;TEPAMBR4_095,TEPAMBR5_095;;;ja;nein;ja;ja;jordan;;nur Jordan
NO_MATCH;Ambra;;97;Farbe 97;TEPAMBR4_097,TEPAMBR5_097;;;ja;nein;ja;ja;jordan;;nur Jordan
NO_MATCH;Ambra;;99;Farbe 99;TEPAMBR4_099,TEPAMBR5_099;;;ja;nein;ja;ja;jordan;;nur Jordan
MATCH_PROBABLE;Derby;MPlus Akzente 2029 2408-15 TR 400 cm;0;x 500,0;TEPDERB4,TEPDERB5;;;ja;nein;ja;ja;jordan;;nur Jordan
MATCH_PROBABLE;Derby;MPlus Akzente 2029 2408-15 TR 400 cm;15;Farbe 15;TEPDERB4_015,TEPDERB5_015;15 Rot Dunkel;2014-002866;ja;ja;ja;ja;jordan;mplus;
MATCH_PROBABLE;Derby;MPlus Akzente 2029 2408-15 TR 400 cm;24;Farbe 24;TEPDERB4_024,TEPDERB5_024;;;ja;nein;ja;ja;jordan;;nur Jordan
MATCH_PROBABLE;Derby;MPlus Akzente 2029 2408-15 TR 400 cm;28;Farbe 28;TEPDERB4_028,TEPDERB5_028;28 Grün Dunkel;2014-002867;ja;ja;ja;ja;jordan;mplus;
MATCH_PROBABLE;Derby;MPlus Akzente 2029 2408-15 TR 400 cm;36;Farbe 36;TEPDERB4_036,TEPDERB5_036;36 Gelb Mittel;2014-002868;ja;ja;ja;ja;jordan;mplus;
MATCH_PROBABLE;Derby;MPlus Akzente 2029 2408-15 TR 400 cm;38;Farbe 38;TEPDERB4_038,TEPDERB5_038;38 Beige Mittel;2014-002869;ja;ja;ja;ja;jordan;mplus;
MATCH_PROBABLE;Derby;MPlus Akzente 2029 2408-15 TR 400 cm;39;Farbe 39;TEPDERB4_039,TEPDERB5_039;39 Beige Hell;2014-002870;ja;ja;ja;ja;jordan;mplus;
MATCH_PROBABLE;Derby;MPlus Akzente 2029 2408-15 TR 400 cm;40;Farbe 40;TEPDERB4_040,TEPDERB5_040;;;ja;nein;ja;ja;jordan;;nur Jordan
MATCH_PROBABLE;Derby;MPlus Akzente 2029 2408-15 TR 400 cm;43;Farbe 43;TEPDERB4_043,TEPDERB5_043;;;ja;nein;ja;ja;jordan;;nur Jordan
MATCH_PROBABLE;Derby;MPlus Akzente 2029 2408-15 TR 400 cm;49;Farbe 49;TEPDERB4_049,TEPDERB5_049;49 Braun Dunkel;2014-002871;ja;ja;ja;ja;jordan;mplus;
MATCH_PROBABLE;Derby;MPlus Akzente 2029 2408-15 TR 400 cm;66;Farbe 66;TEPDERB4_066,TEPDERB5_066;;;ja;nein;ja;ja;jordan;;nur Jordan
MATCH_PROBABLE;Derby;MPlus Akzente 2029 2408-15 TR 400 cm;75;Farbe 75;TEPDERB4_075,TEPDERB5_075;75 Blau Mittel;2014-002872;ja;ja;ja;ja;jordan;mplus;
MATCH_PROBABLE;Derby;MPlus Akzente 2029 2408-15 TR 400 cm;77;Farbe 77;TEPDERB4_077,TEPDERB5_077;;;ja;nein;ja;ja;jordan;;nur Jordan
MATCH_PROBABLE;Derby;MPlus Akzente 2029 2408-15 TR 400 cm;92;Farbe 92;TEPDERB5_092;92 Grau Hell;2014-002873;ja;ja;ja;ja;jordan;mplus;
MATCH_PROBABLE;Derby;MPlus Akzente 2029 2408-15 TR 400 cm;93;Farbe 93;TEPDERB4_093,TEPDERB5_093;93 Grau Hell;2014-002874;ja;ja;ja;ja;jordan;mplus;
MATCH_PROBABLE;Derby;MPlus Akzente 2029 2408-15 TR 400 cm;94;Farbe 94;TEPDERB4_094,TEPDERB5_094;;;ja;nein;ja;ja;jordan;;nur Jordan
MATCH_PROBABLE;Derby;MPlus Akzente 2029 2408-15 TR 400 cm;97;Farbe 97;TEPDERB4_097,TEPDERB5_097;97 Grau Dunkel;2014-002875;ja;ja;ja;ja;jordan;mplus;
MATCH_PROBABLE;Derby;MPlus Akzente 2029 2408-15 TR 400 cm;98;Farbe 98;TEPDERB4_098,TEPDERB5_098;;;ja;nein;ja;ja;jordan;;nur Jordan
MATCH_PROBABLE;Derby;MPlus Akzente 2029 2408-15 TR 400 cm;99;Farbe 99;TEPDERB4_099,TEPDERB5_099;99 Schwarz Dunkel;2014-002876;ja;ja;ja;ja;jordan;mplus;
NO_MATCH;Luna;;0;x 400,0;TEPLUN4,TEPLUN5;;;ja;nein;ja;ja;jordan;;nur Jordan
NO_MATCH;Luna;;21;Farbe 21;TEPLUN4_021,TEPLUN5_021;;;ja;nein;ja;ja;jordan;;nur Jordan
NO_MATCH;Luna;;36;Farbe 36;TEPLUN4_036,TEPLUN5_036;;;ja;nein;ja;ja;jordan;;nur Jordan
NO_MATCH;Luna;;44;Farbe 44;TEPLUN4_044,TEPLUN5_044;;;ja;nein;ja;ja;jordan;;nur Jordan
NO_MATCH;Luna;;46;Farbe 46;TEPLUN4_046,TEPLUN5_046;;;ja;nein;ja;ja;jordan;;nur Jordan
NO_MATCH;Luna;;48;Farbe 48;TEPLUN4_048,TEPLUN5_048;;;ja;nein;ja;ja;jordan;;nur Jordan
NO_MATCH;Luna;;49;Farbe 49;TEPLUN4_049,TEPLUN5_049;;;ja;nein;ja;ja;jordan;;nur Jordan
NO_MATCH;Luna;;51;Farbe 51;TEPLUN4_051,TEPLUN5_051;;;ja;nein;ja;ja;jordan;;nur Jordan
NO_MATCH;Luna;;56;Farbe 56;TEPLUN4_056,TEPLUN5_056;;;ja;nein;ja;ja;jordan;;nur Jordan
NO_MATCH;Luna;;65;Farbe 65;TEPLUN4_065,TEPLUN5_065;;;ja;nein;ja;ja;jordan;;nur Jordan
NO_MATCH;Luna;;73;Farbe 73;TEPLUN4_073,TEPLUN5_073;;;ja;nein;ja;ja;jordan;;nur Jordan
NO_MATCH;Luna;;91;Farbe 91;TEPLUN4_091,TEPLUN5_091;;;ja;nein;ja;ja;jordan;;nur Jordan
NO_MATCH;Luna;;92;Farbe 92;TEPLUN4_092,TEPLUN5_092;;;ja;nein;ja;ja;jordan;;nur Jordan
NO_MATCH;Terra;;0;x 400,0;TEPTERR04,TEPTERR05;;;ja;nein;ja;ja;jordan;;nur Jordan
NO_MATCH;Terra;;45;Farbe 45;TEPTERR04_045,TEPTERR05_045;;;ja;nein;ja;ja;jordan;;nur Jordan
NO_MATCH;Terra;;71;Farbe 71;TEPTERR04_071,TEPTERR05_071;;;ja;nein;ja;ja;jordan;;nur Jordan
NO_MATCH;Terra;;74;Farbe 74;TEPTERR04_074,TEPTERR05_074;;;ja;nein;ja;ja;jordan;;nur Jordan
NO_MATCH;Terra;;77;Farbe 77;TEPTERR04_077,TEPTERR05_077;;;ja;nein;ja;ja;jordan;;nur Jordan
NO_MATCH;Terra;;78;Farbe 78;TEPTERR04_078,TEPTERR05_078;;;ja;nein;ja;ja;jordan;;nur Jordan
NO_MATCH;Terra;;79;Farbe 79;TEPTERR04_079,TEPTERR05_079;;;ja;nein;ja;ja;jordan;;nur Jordan
NO_MATCH;Terra;;82;Farbe 82;TEPTERR04_082,TEPTERR05_082;;;ja;nein;ja;ja;jordan;;nur Jordan
NO_MATCH;Terra;;85;Farbe 85;TEPTERR04_085,TEPTERR05_085;;;ja;nein;ja;ja;jordan;;nur Jordan
NO_MATCH;Terra;;86;Farbe 86;TEPTERR04_086,TEPTERR05_086;;;ja;nein;ja;ja;jordan;;nur Jordan
NO_MATCH;Terra;;95;Farbe 95;TEPTERR04_095,TEPTERR05_095;;;ja;nein;ja;ja;jordan;;nur Jordan
NO_MATCH;Terra;;96;Farbe 96;TEPTERR04_096,TEPTERR05_096;;;ja;nein;ja;ja;jordan;;nur Jordan
NO_MATCH;Terra;;97;Farbe 97;TEPTERR04_097,TEPTERR05_097;;;ja;nein;ja;ja;jordan;;nur Jordan
NO_MATCH;Terra;;178;Farbe 178;TEPTERR04_178,TEPTERR05_178;;;ja;nein;ja;ja;jordan;;nur Jordan
NO_MATCH;Terra;;179;Farbe 179;TEPTERR04_179,TEPTERR05_179;;;ja;nein;ja;ja;jordan;;nur Jordan
NO_MATCH;Sumatra;;0;x 400,0;TEPSUMATR4,TEPSUMATR5;;;ja;nein;ja;ja;jordan;;nur Jordan
NO_MATCH;Sumatra;;20;Farbe 20;TEPSUMATR4_020,TEPSUMATR5_020;;;ja;nein;ja;ja;jordan;;nur Jordan
NO_MATCH;Sumatra;;40;Farbe 40;TEPSUMATR4_040,TEPSUMATR5_040;;;ja;nein;ja;ja;jordan;;nur Jordan
NO_MATCH;Sumatra;;50;Farbe 50;TEPSUMATR4_050,TEPSUMATR5_050;;;ja;nein;ja;ja;jordan;;nur Jordan
NO_MATCH;Sumatra;;78;Farbe 78;TEPSUMATR4_078,TEPSUMATR5_078;;;ja;nein;ja;ja;jordan;;nur Jordan
NO_MATCH;Sumatra;;81;Farbe 81;TEPSUMATR4_081,TEPSUMATR5_081;;;ja;nein;ja;ja;jordan;;nur Jordan
NO_MATCH;Sumatra;;90;Farbe 90;TEPSUMATR4_090,TEPSUMATR5_090;;;ja;nein;ja;ja;jordan;;nur Jordan
NO_MATCH;Sumatra;;94;Farbe 94;TEPSUMATR4_094,TEPSUMATR5_094;;;ja;nein;ja;ja;jordan;;nur Jordan
NO_MATCH;Sumatra;;175;Farbe 175;TEPSUMATR4_175,TEPSUMATR5_175;;;ja;nein;ja;ja;jordan;;nur Jordan
NO_MATCH;Sumatra;;176;Farbe 176;TEPSUMATR4_176,TEPSUMATR5_176;;;ja;nein;ja;ja;jordan;;nur Jordan
NO_MATCH;Sumatra;;177;Farbe 177;TEPSUMATR4_177,TEPSUMATR5_177;;;ja;nein;ja;ja;jordan;;nur Jordan
NO_MATCH;Sumatra;;182;Farbe 182;TEPSUMATR4_182,TEPSUMATR5_182;;;ja;nein;ja;ja;jordan;;nur Jordan
NO_MATCH;Sumatra;;274;Farbe 274;TEPSUMATR4_274,TEPSUMATR5_274;;;ja;nein;ja;ja;jordan;;nur Jordan
NO_MATCH;Nobel;;0;x 400,0;TEPNOBEL4,TEPNOBEL5;;;ja;nein;ja;ja;jordan;;nur Jordan
NO_MATCH;Nobel;;12;Farbe 12;TEPNOBEL4_012,TEPNOBEL5_012;;;ja;nein;ja;ja;jordan;;nur Jordan
NO_MATCH;Nobel;;15;Farbe 15;TEPNOBEL4_015,TEPNOBEL5_015;;;ja;nein;ja;ja;jordan;;nur Jordan
NO_MATCH;Nobel;;40;Farbe 40;TEPNOBEL4_040,TEPNOBEL5_040;;;ja;nein;ja;ja;jordan;;nur Jordan
NO_MATCH;Nobel;;50;Farbe 50;TEPNOBEL4_050,TEPNOBEL5_050;;;ja;nein;ja;ja;jordan;;nur Jordan
NO_MATCH;Nobel;;72;Farbe 72;TEPNOBEL4_072,TEPNOBEL5_072;;;ja;nein;ja;ja;jordan;;nur Jordan
NO_MATCH;Nobel;;75;Farbe 75;TEPNOBEL4_075,TEPNOBEL5_075;;;ja;nein;ja;ja;jordan;;nur Jordan
NO_MATCH;Nobel;;77;Farbe 77;TEPNOBEL4_077,TEPNOBEL5_077;;;ja;nein;ja;ja;jordan;;nur Jordan
NO_MATCH;Nobel;;78;Farbe 78;TEPNOBEL4_078,TEPNOBEL5_078;;;ja;nein;ja;ja;jordan;;nur Jordan
NO_MATCH;Nobel;;79;Farbe 79;TEPNOBEL4_079,TEPNOBEL5_079;;;ja;nein;ja;ja;jordan;;nur Jordan
NO_MATCH;Nobel;;85;Farbe 85;TEPNOBEL4_085,TEPNOBEL5_085;;;ja;nein;ja;ja;jordan;;nur Jordan
NO_MATCH;Nobel;;97;Farbe 97;TEPNOBEL4_097,TEPNOBEL5_097;;;ja;nein;ja;ja;jordan;;nur Jordan
NO_MATCH;Nobel;;474;Farbe 474;TEPNOBEL4_474,TEPNOBEL5_474;;;ja;nein;ja;ja;jordan;;nur Jordan
NO_MATCH;Nobel;;476;Farbe 476;TEPNOBEL4_476,TEPNOBEL5_476;;;ja;nein;ja;ja;jordan;;nur Jordan
NO_MATCH;Nobel;;482;Farbe 482;TEPNOBEL4_482,TEPNOBEL5_482;;;ja;nein;ja;ja;jordan;;nur Jordan
NO_MATCH;Nobel;;492;Farbe 492;TEPNOBEL4_492,TEPNOBEL5_492;;;ja;nein;ja;ja;jordan;;nur Jordan
REVIEW_REQUIRED;Montego;MPlus Akzente 2029 2401-20 DB 400 cm;0;x 400,0;TEPMONTEG4,TEPMONTEG5;;;ja;nein;ja;ja;jordan;;nur Jordan
REVIEW_REQUIRED;Montego;MPlus Akzente 2029 2401-20 DB 400 cm;20;;;20 Rot Dunkel;2052-000850;nein;ja;nein;nein;mplus;;nur M-Plus - kein Wunschmass/Kettelservice annehmen
REVIEW_REQUIRED;Montego;MPlus Akzente 2029 2401-20 DB 400 cm;40;;;40 Grün Dunkel;2052-000851;nein;ja;nein;nein;mplus;;nur M-Plus - kein Wunschmass/Kettelservice annehmen
REVIEW_REQUIRED;Montego;MPlus Akzente 2029 2401-20 DB 400 cm;50;Farbe 50;TEPMONTEG4_050,TEPMONTEG5_050;50 Gelb Dunkel;2052-000852;ja;ja;ja;ja;jordan;mplus;
REVIEW_REQUIRED;Montego;MPlus Akzente 2029 2401-20 DB 400 cm;69;Farbe 69;TEPMONTEG4_069,TEPMONTEG5_069;69 Weiß Mittel;2052-000853;ja;ja;ja;ja;jordan;mplus;
REVIEW_REQUIRED;Montego;MPlus Akzente 2029 2401-20 DB 400 cm;72;Farbe 72;TEPMONTEG4_072,TEPMONTEG5_072;72 Beige Mittel;2052-000854;ja;ja;ja;ja;jordan;mplus;
REVIEW_REQUIRED;Montego;MPlus Akzente 2029 2401-20 DB 400 cm;73;Farbe 73;TEPMONTEG4_073,TEPMONTEG5_073;73 Grau Hell;2052-000855;ja;ja;ja;ja;jordan;mplus;
REVIEW_REQUIRED;Montego;MPlus Akzente 2029 2401-20 DB 400 cm;74;Farbe 74;TEPMONTEG4_074,TEPMONTEG5_074;74 Grau Hell;2052-000856;ja;ja;ja;ja;jordan;mplus;
REVIEW_REQUIRED;Montego;MPlus Akzente 2029 2401-20 DB 400 cm;75;Farbe 75;TEPMONTEG4_075,TEPMONTEG5_075;75 Grau Mittel;2052-000857;ja;ja;ja;ja;jordan;mplus;
REVIEW_REQUIRED;Montego;MPlus Akzente 2029 2401-20 DB 400 cm;76;Farbe 76;TEPMONTEG4_076,TEPMONTEG5_076;;;ja;nein;ja;ja;jordan;;nur Jordan
REVIEW_REQUIRED;Montego;MPlus Akzente 2029 2401-20 DB 400 cm;77;Farbe 77;TEPMONTEG4_077,TEPMONTEG5_077;77 Grau Dunkel;2052-000858;ja;ja;ja;ja;jordan;mplus;
REVIEW_REQUIRED;Montego;MPlus Akzente 2029 2401-20 DB 400 cm;78;Farbe 78;TEPMONTEG4_078,TEPMONTEG5_078;;;ja;nein;ja;ja;jordan;;nur Jordan
REVIEW_REQUIRED;Montego;MPlus Akzente 2029 2401-20 DB 400 cm;79;Farbe 79;TEPMONTEG4_079,TEPMONTEG5_079;;;ja;nein;ja;ja;jordan;;nur Jordan
REVIEW_REQUIRED;Montego;MPlus Akzente 2029 2401-20 DB 400 cm;81;Farbe 81;TEPMONTEG4_081,TEPMONTEG5_081;;;ja;nein;ja;ja;jordan;;nur Jordan
REVIEW_REQUIRED;Montego;MPlus Akzente 2029 2401-20 DB 400 cm;82;Farbe 82;TEPMONTEG4_082,TEPMONTEG5_082;;;ja;nein;ja;ja;jordan;;nur Jordan
REVIEW_REQUIRED;Montego;MPlus Akzente 2029 2401-20 DB 400 cm;85;;;85 Blau Dunkel;2052-000859;nein;ja;nein;nein;mplus;;nur M-Plus - kein Wunschmass/Kettelservice annehmen
REVIEW_REQUIRED;Montego;MPlus Akzente 2029 2401-20 DB 400 cm;96;Farbe 96;TEPMONTEG4_096,TEPMONTEG5_096;;;ja;nein;ja;ja;jordan;;nur Jordan
REVIEW_REQUIRED;Montego;MPlus Akzente 2029 2401-20 DB 400 cm;182;Farbe 182;TEPMONTEG4_182,TEPMONTEG5_182;;;ja;nein;ja;ja;jordan;;nur Jordan
REVIEW_REQUIRED;Montego;MPlus Akzente 2029 2401-20 DB 400 cm;240;Farbe 240;TEPMONTEG4_240,TEPMONTEG5_240;;;ja;nein;ja;ja;jordan;;nur Jordan
REVIEW_REQUIRED;Montego;MPlus Akzente 2029 2401-20 DB 400 cm;273;Farbe 273;TEPMONTEG4_273,TEPMONTEG5_273;;;ja;nein;ja;ja;jordan;;nur Jordan
REVIEW_REQUIRED;Montego;MPlus Akzente 2029 2401-20 DB 400 cm;274;Farbe 274;TEPMONTEG4_274,TEPMONTEG5_274;;;ja;nein;ja;ja;jordan;;nur Jordan
REVIEW_REQUIRED;Montego;MPlus Akzente 2029 2401-20 DB 400 cm;277;Farbe 277;TEPMONTEG4_277,TEPMONTEG5_277;;;ja;nein;ja;ja;jordan;;nur Jordan
NO_MATCH;Feeling;;0;x 400,0;TEPFEELIN4,TEPFEELIN5;;;ja;nein;ja;ja;jordan;;nur Jordan
NO_MATCH;Feeling;;3;Farbe 03;TEPFEELIN4_003,TEPFEELIN5_003;;;ja;nein;ja;ja;jordan;;nur Jordan
NO_MATCH;Feeling;;9;Farbe 09;TEPFEELIN4_009,TEPFEELIN5_009;;;ja;nein;ja;ja;jordan;;nur Jordan
NO_MATCH;Feeling;;18;Farbe 18;TEPFEELIN4_018,TEPFEELIN5_018;;;ja;nein;ja;ja;jordan;;nur Jordan
NO_MATCH;Feeling;;29;Farbe 29;TEPFEELIN4_029,TEPFEELIN5_029;;;ja;nein;ja;ja;jordan;;nur Jordan
NO_MATCH;Feeling;;30;Farbe 30;TEPFEELIN4_030,TEPFEELIN5_030;;;ja;nein;ja;ja;jordan;;nur Jordan
NO_MATCH;Feeling;;32;Farbe 32;TEPFEELIN4_032,TEPFEELIN5_032;;;ja;nein;ja;ja;jordan;;nur Jordan
NO_MATCH;Feeling;;33;Farbe 33;TEPFEELIN4_033,TEPFEELIN5_033;;;ja;nein;ja;ja;jordan;;nur Jordan
NO_MATCH;Feeling;;44;Farbe 44;TEPFEELIN4_044,TEPFEELIN5_044;;;ja;nein;ja;ja;jordan;;nur Jordan
NO_MATCH;Feeling;;45;Farbe 45;TEPFEELIN4_045,TEPFEELIN5_045;;;ja;nein;ja;ja;jordan;;nur Jordan
NO_MATCH;Feeling;;48;Farbe 48;TEPFEELIN4_048,TEPFEELIN5_048;;;ja;nein;ja;ja;jordan;;nur Jordan
NO_MATCH;Feeling;;74;Farbe 74;TEPFEELIN4_074,TEPFEELIN5_074;;;ja;nein;ja;ja;jordan;;nur Jordan
NO_MATCH;Feeling;;90;Farbe 90;TEPFEELIN4_090,TEPFEELIN5_090;;;ja;nein;ja;ja;jordan;;nur Jordan
NO_MATCH;Feeling;;94;Farbe 94;TEPFEELIN4_094,TEPFEELIN5_094;;;ja;nein;ja;ja;jordan;;nur Jordan
NO_MATCH;Feeling;;97;Farbe 97;TEPFEELIN4_097,TEPFEELIN5_097;;;ja;nein;ja;ja;jordan;;nur Jordan
NO_MATCH;Feeling;;98;Farbe 98;TEPFEELIN4_098,TEPFEELIN5_098;;;ja;nein;ja;ja;jordan;;nur Jordan
NO_MATCH;Alamo;;0;x 400,0;TEPALAMO4,TEPALAMO5;;;ja;nein;ja;ja;jordan;;nur Jordan
NO_MATCH;Alamo;;3;Farbe 03;TEPALAMO4_003,TEPALAMO5_003;;;ja;nein;ja;ja;jordan;;nur Jordan
NO_MATCH;Alamo;;5;Farbe 05;TEPALAMO4_005,TEPALAMO5_005;;;ja;nein;ja;ja;jordan;;nur Jordan
NO_MATCH;Alamo;;24;Farbe 24;TEPALAMO4_024,TEPALAMO5_024;;;ja;nein;ja;ja;jordan;;nur Jordan
NO_MATCH;Alamo;;34;Farbe 34;TEPALAMO4_034,TEPALAMO5_034;;;ja;nein;ja;ja;jordan;;nur Jordan
NO_MATCH;Alamo;;35;Farbe 35;TEPALAMO4_035,TEPALAMO5_035;;;ja;nein;ja;ja;jordan;;nur Jordan
NO_MATCH;Alamo;;36;Farbe 36;TEPALAMO4_036,TEPALAMO5_036;;;ja;nein;ja;ja;jordan;;nur Jordan
NO_MATCH;Alamo;;39;Farbe 39;TEPALAMO4_039,TEPALAMO5_039;;;ja;nein;ja;ja;jordan;;nur Jordan
NO_MATCH;Alamo;;44;Farbe 44;TEPALAMO4_044,TEPALAMO5_044;;;ja;nein;ja;ja;jordan;;nur Jordan
NO_MATCH;Alamo;;84;Farbe 84;TEPALAMO4_084,TEPALAMO5_084;;;ja;nein;ja;ja;jordan;;nur Jordan
NO_MATCH;Alamo;;90;Farbe 90;TEPALAMO4_090,TEPALAMO5_090;;;ja;nein;ja;ja;jordan;;nur Jordan
NO_MATCH;Alamo;;95;Farbe 95;TEPALAMO4_095,TEPALAMO5_095;;;ja;nein;ja;ja;jordan;;nur Jordan
NO_MATCH;Alamo;;96;Farbe 96;TEPALAMO4_096,TEPALAMO5_096;;;ja;nein;ja;ja;jordan;;nur Jordan
NO_MATCH;Alamo;;97;Farbe 97;TEPALAMO4_097,TEPALAMO5_097;;;ja;nein;ja;ja;jordan;;nur Jordan
NO_MATCH;Alamo;;99;Farbe 99;TEPALAMO4_099,TEPALAMO5_099;;;ja;nein;ja;ja;jordan;;nur Jordan
REVIEW_REQUIRED;Zirkonia;MPlus Akzente 2029 2412-250 VR 400 cm;0;x 500,0;TEPZIRKON4,TEPZIRKON5;;;ja;nein;ja;ja;jordan;;nur Jordan
REVIEW_REQUIRED;Zirkonia;MPlus Akzente 2029 2412-250 VR 400 cm;250;Farbe 250;TEPZIRKON4_250,TEPZIRKON5_250;250 Beige Hell;2055-000909;ja;ja;ja;ja;jordan;mplus;
REVIEW_REQUIRED;Zirkonia;MPlus Akzente 2029 2412-250 VR 400 cm;260;Farbe 260;TEPZIRKON4_260,TEPZIRKON5_260;260 Beige Mittel;2055-000910;ja;ja;ja;ja;jordan;mplus;
REVIEW_REQUIRED;Zirkonia;MPlus Akzente 2029 2412-250 VR 400 cm;400;Farbe 400;TEPZIRKON4_400,TEPZIRKON5_400;;;ja;nein;ja;ja;jordan;;nur Jordan
REVIEW_REQUIRED;Zirkonia;MPlus Akzente 2029 2412-250 VR 400 cm;420;Farbe 420;TEPZIRKON4_420,TEPZIRKON5_420;;;ja;nein;ja;ja;jordan;;nur Jordan
REVIEW_REQUIRED;Zirkonia;MPlus Akzente 2029 2412-250 VR 400 cm;710;Farbe 710;TEPZIRKON4_710,TEPZIRKON5_710;;;ja;nein;ja;ja;jordan;;nur Jordan
REVIEW_REQUIRED;Zirkonia;MPlus Akzente 2029 2412-250 VR 400 cm;800;Farbe 800;TEPZIRKON4_800,TEPZIRKON5_800;;;ja;nein;ja;ja;jordan;;nur Jordan
REVIEW_REQUIRED;Zirkonia;MPlus Akzente 2029 2412-250 VR 400 cm;820;Farbe 820;TEPZIRKON4_820,TEPZIRKON5_820;820 Grau Dunkel;2055-000911;ja;ja;ja;ja;jordan;mplus;
REVIEW_REQUIRED;Zirkonia;MPlus Akzente 2029 2412-250 VR 400 cm;830;Farbe 830;TEPZIRKON4_830,TEPZIRKON5_830;830 Grau Mittel;2055-000912;ja;ja;ja;ja;jordan;mplus;
REVIEW_REQUIRED;Zirkonia;MPlus Akzente 2029 2412-250 VR 400 cm;840;Farbe 840;TEPZIRKON4_840,TEPZIRKON5_840;840 Grau Hell;2055-000913;ja;ja;ja;ja;jordan;mplus;
REVIEW_REQUIRED;Zirkonia;MPlus Akzente 2029 2412-250 VR 400 cm;850;Farbe 850;TEPZIRKON4_850,TEPZIRKON5_850;;;ja;nein;ja;ja;jordan;;nur Jordan
NO_MATCH;Dolce;;0;x 400,0;TEPDOLCE4,TEPDOLCE5;;;ja;nein;ja;ja;jordan;;nur Jordan
NO_MATCH;Dolce;;4;Farbe 04;TEPDOLCE4_004,TEPDOLCE5_004;;;ja;nein;ja;ja;jordan;;nur Jordan
NO_MATCH;Dolce;;27;Farbe 27;TEPDOLCE4_027,TEPDOLCE5_027;;;ja;nein;ja;ja;jordan;;nur Jordan
NO_MATCH;Dolce;;30;Farbe 30;TEPDOLCE4_030,TEPDOLCE5_030;;;ja;nein;ja;ja;jordan;;nur Jordan
NO_MATCH;Dolce;;35;Farbe 35;TEPDOLCE4_035,TEPDOLCE5_035;;;ja;nein;ja;ja;jordan;;nur Jordan
NO_MATCH;Dolce;;40;Farbe 40;TEPDOLCE4_040,TEPDOLCE5_040;;;ja;nein;ja;ja;jordan;;nur Jordan
NO_MATCH;Dolce;;41;Farbe 41;TEPDOLCE4_041,TEPDOLCE5_041;;;ja;nein;ja;ja;jordan;;nur Jordan
NO_MATCH;Dolce;;49;Farbe 49;TEPDOLCE4_049,TEPDOLCE5_049;;;ja;nein;ja;ja;jordan;;nur Jordan
NO_MATCH;Dolce;;77;Farbe 77;TEPDOLCE4_077,TEPDOLCE5_077;;;ja;nein;ja;ja;jordan;;nur Jordan
NO_MATCH;Dolce;;81;Farbe 81;TEPDOLCE4_081,TEPDOLCE5_081;;;ja;nein;ja;ja;jordan;;nur Jordan
NO_MATCH;Dolce;;91;Farbe 91;TEPDOLCE4_091,TEPDOLCE5_091;;;ja;nein;ja;ja;jordan;;nur Jordan
NO_MATCH;Dolce;;92;Farbe 92;TEPDOLCE4_092,TEPDOLCE5_092;;;ja;nein;ja;ja;jordan;;nur Jordan
NO_MATCH;Dolce;;95;Farbe 95;TEPDOLCE4_095,TEPDOLCE5_095;;;ja;nein;ja;ja;jordan;;nur Jordan
NO_MATCH;Dolce;;98;Farbe 98;TEPDOLCE4_098,TEPDOLCE5_098;;;ja;nein;ja;ja;jordan;;nur Jordan
NO_MATCH;Dolce;;99;Farbe 99;TEPDOLCE4_099,TEPDOLCE5_099;;;ja;nein;ja;ja;jordan;;nur Jordan
NO_MATCH;Point;;0;x 500,0;TEPPOI04,TEPPOI05;;;ja;nein;ja;ja;jordan;;nur Jordan
NO_MATCH;Point;;121;Farbe 121;TEPPOI04_121,TEPPOI05_121;;;ja;nein;ja;ja;jordan;;nur Jordan
NO_MATCH;Point;;132;Farbe 132;TEPPOI04_132,TEPPOI05_132;;;ja;nein;ja;ja;jordan;;nur Jordan
NO_MATCH;Point;;136;Farbe 136;TEPPOI04_136,TEPPOI05_136;;;ja;nein;ja;ja;jordan;;nur Jordan
NO_MATCH;Point;;137;Farbe 137;TEPPOI04_137,TEPPOI05_137;;;ja;nein;ja;ja;jordan;;nur Jordan
NO_MATCH;Point;;329;Farbe 329;TEPPOI04_329,TEPPOI05_329;;;ja;nein;ja;ja;jordan;;nur Jordan
NO_MATCH;Point;;439;Farbe 439;TEPPOI04_439,TEPPOI05_439;;;ja;nein;ja;ja;jordan;;nur Jordan
NO_MATCH;Point;;724;Farbe 724;TEPPOI04_724,TEPPOI05_724;;;ja;nein;ja;ja;jordan;;nur Jordan
NO_MATCH;Point;;725;Farbe 725;TEPPOI04_725,TEPPOI05_725;;;ja;nein;ja;ja;jordan;;nur Jordan
NO_MATCH;Point;;751;Farbe 751;TEPPOI04_751,TEPPOI05_751;;;ja;nein;ja;ja;jordan;;nur Jordan
NO_MATCH;Point;;753;Farbe 753;TEPPOI04_753,TEPPOI05_753;;;ja;nein;ja;ja;jordan;;nur Jordan
NO_MATCH;Calais;;0;x 500,0;TEPCALA4,TEPCALA5;;;ja;nein;ja;ja;jordan;;nur Jordan
NO_MATCH;Calais;;121;Farbe 121;TEPCALA4_121,TEPCALA5_121;;;ja;nein;ja;ja;jordan;;nur Jordan
NO_MATCH;Calais;;139;Farbe 139;TEPCALA4_139,TEPCALA5_139;;;ja;nein;ja;ja;jordan;;nur Jordan
NO_MATCH;Calais;;143;Farbe 143;TEPCALA4_143,TEPCALA5_143;;;ja;nein;ja;ja;jordan;;nur Jordan
NO_MATCH;Calais;;145;Farbe 145;TEPCALA4_145,TEPCALA5_145;;;ja;nein;ja;ja;jordan;;nur Jordan
NO_MATCH;Calais;;148;Farbe 148;TEPCALA4_148,TEPCALA5_148;;;ja;nein;ja;ja;jordan;;nur Jordan
NO_MATCH;Calais;;149;Farbe 149;TEPCALA4_149,TEPCALA5_149;;;ja;nein;ja;ja;jordan;;nur Jordan
NO_MATCH;Calais;;159;Farbe 159;TEPCALA4_159,TEPCALA5_159;;;ja;nein;ja;ja;jordan;;nur Jordan
NO_MATCH;Calais;;212;Farbe 212;TEPCALA4_212,TEPCALA5_212;;;ja;nein;ja;ja;jordan;;nur Jordan
NO_MATCH;Calais;;229;Farbe 229;TEPCALA4_229,TEPCALA5_229;;;ja;nein;ja;ja;jordan;;nur Jordan
NO_MATCH;Calais;;233;Farbe 233;TEPCALA4_233,TEPCALA5_233;;;ja;nein;ja;ja;jordan;;nur Jordan
NO_MATCH;Rosso;;0;x 500,0;TEPROSSO4,TEPROSSO5;;;ja;nein;ja;ja;jordan;;nur Jordan
NO_MATCH;Rosso;;126;Farbe 126;TEPROSSO4_126,TEPROSSO5_126;;;ja;nein;ja;ja;jordan;;nur Jordan
NO_MATCH;Nelson;;0;x 500,0;TEPNELS4,TEPNELS5;;;ja;nein;ja;ja;jordan;;nur Jordan
NO_MATCH;Nelson;;102;Farbe 102;TEPNELS4_102,TEPNELS5_102;;;ja;nein;ja;ja;jordan;;nur Jordan
NO_MATCH;Nelson;;109;Farbe 109;TEPNELS4_109,TEPNELS5_109;;;ja;nein;ja;ja;jordan;;nur Jordan
NO_MATCH;Nelson;;119;Farbe 119;TEPNELS4_119,TEPNELS5_119;;;ja;nein;ja;ja;jordan;;nur Jordan
NO_MATCH;Nelson;;122;Farbe 122;TEPNELS4_122,TEPNELS5_122;;;ja;nein;ja;ja;jordan;;nur Jordan
NO_MATCH;Nelson;;153;Farbe 153;TEPNELS4_153,TEPNELS5_153;;;ja;nein;ja;ja;jordan;;nur Jordan
NO_MATCH;Nelson;;159;Farbe 159;TEPNELS4_159,TEPNELS5_159;;;ja;nein;ja;ja;jordan;;nur Jordan
NO_MATCH;Parlo;;0;x 400,0;TEPPARLO04,TEPPARLO05;;;ja;nein;ja;ja;jordan;;nur Jordan
NO_MATCH;Parlo;;112;Farbe 112;TEPPARLO04_112,TEPPARLO05_112;;;ja;nein;ja;ja;jordan;;nur Jordan
NO_MATCH;Parlo;;119;Farbe 119;TEPPARLO04_119,TEPPARLO05_119;;;ja;nein;ja;ja;jordan;;nur Jordan
NO_MATCH;Parlo;;126;Farbe 126;TEPPARLO04_126,TEPPARLO05_126;;;ja;nein;ja;ja;jordan;;nur Jordan
NO_MATCH;Parlo;;132;Farbe 132;TEPPARLO04_132,TEPPARLO05_132;;;ja;nein;ja;ja;jordan;;nur Jordan
NO_MATCH;Parlo;;139;Farbe 139;TEPPARLO04_139,TEPPARLO05_139;;;ja;nein;ja;ja;jordan;;nur Jordan
NO_MATCH;Oase;;0;x 500,0;TEPOASE04,TEPOASE05;;;ja;nein;ja;ja;jordan;;nur Jordan
NO_MATCH;Oase;;513;Farbe 513;TEPOASE04_513,TEPOASE05_513;;;ja;nein;ja;ja;jordan;;nur Jordan
NO_MATCH;Oase;;514;Farbe 514;TEPOASE04_514,TEPOASE05_514;;;ja;nein;ja;ja;jordan;;nur Jordan
NO_MATCH;Oase;;515;Farbe 515;TEPOASE04_515,TEPOASE05_515;;;ja;nein;ja;ja;jordan;;nur Jordan
NO_MATCH;Oase;;518;Farbe 518;TEPOASE04_518,TEPOASE05_518;;;ja;nein;ja;ja;jordan;;nur Jordan
NO_MATCH;Oase;;522;Farbe 522;TEPOASE04_522,TEPOASE05_522;;;ja;nein;ja;ja;jordan;;nur Jordan
NO_MATCH;Sipo;;0;x 500,0;TEPSIPO04,TEPSIPO05;;;ja;nein;ja;ja;jordan;;nur Jordan
NO_MATCH;Sipo;;513;Farbe 513;TEPSIPO04_513,TEPSIPO05_513;;;ja;nein;ja;ja;jordan;;nur Jordan
NO_MATCH;Sipo;;514;Farbe 514;TEPSIPO04_514,TEPSIPO05_514;;;ja;nein;ja;ja;jordan;;nur Jordan
NO_MATCH;Sipo;;515;Farbe 515;TEPSIPO04_515,TEPSIPO05_515;;;ja;nein;ja;ja;jordan;;nur Jordan
NO_MATCH;Sipo;;518;Farbe 518;TEPSIPO04_518,TEPSIPO05_518;;;ja;nein;ja;ja;jordan;;nur Jordan
NO_MATCH;Sipo;;522;Farbe 522;TEPSIPO04_522,TEPSIPO05_522;;;ja;nein;ja;ja;jordan;;nur Jordan
NO_MATCH;Vida;;0;x 400,0;TEPVIDA04;;;ja;nein;ja;ja;jordan;;nur Jordan
NO_MATCH;Vida;;511;Farbe 511;TEPVIDA04_511;;;ja;nein;ja;ja;jordan;;nur Jordan
NO_MATCH;Vida;;513;Farbe 513;TEPVIDA04_513;;;ja;nein;ja;ja;jordan;;nur Jordan
NO_MATCH;Vida;;515;Farbe 515;TEPVIDA04_515;;;ja;nein;ja;ja;jordan;;nur Jordan
NO_MATCH;Vida;;523;Farbe 523;TEPVIDA04_523;;;ja;nein;ja;ja;jordan;;nur Jordan
NO_MATCH;Vida;;525;Farbe 525;TEPVIDA04_525;;;ja;nein;ja;ja;jordan;;nur Jordan
NO_MATCH;Lavi;;0;x 400,0;TEPLAVI04;;;ja;nein;ja;ja;jordan;;nur Jordan
NO_MATCH;Lavi;;510;Farbe 510;TEPLAVI04_510;;;ja;nein;ja;ja;jordan;;nur Jordan
NO_MATCH;Lavi;;514;Farbe 514;TEPLAVI04_514;;;ja;nein;ja;ja;jordan;;nur Jordan
NO_MATCH;Lavi;;516;Farbe 516;TEPLAVI04_516;;;ja;nein;ja;ja;jordan;;nur Jordan
NO_MATCH;Lavi;;520;Farbe 520;TEPLAVI04_520;;;ja;nein;ja;ja;jordan;;nur Jordan
NO_MATCH;Lavi;;522;Farbe 522;TEPLAVI04_522;;;ja;nein;ja;ja;jordan;;nur Jordan
NO_MATCH;Lida;;0;x 400,0;TEPLIDA04,TEPLIDA05;;;ja;nein;ja;ja;jordan;;nur Jordan
NO_MATCH;Lida;;112;Farbe 112;TEPLIDA04_112,TEPLIDA05_112;;;ja;nein;ja;ja;jordan;;nur Jordan
NO_MATCH;Lida;;129;Farbe 129;TEPLIDA04_129,TEPLIDA05_129;;;ja;nein;ja;ja;jordan;;nur Jordan
NO_MATCH;Lida;;132;Farbe 132;TEPLIDA04_132,TEPLIDA05_132;;;ja;nein;ja;ja;jordan;;nur Jordan
NO_MATCH;Lida;;133;Farbe 133;TEPLIDA04_133,TEPLIDA05_133;;;ja;nein;ja;ja;jordan;;nur Jordan
NO_MATCH;Lida;;139;Farbe 139;TEPLIDA04_139,TEPLIDA05_139;;;ja;nein;ja;ja;jordan;;nur Jordan
NO_MATCH;Lida;;159;Farbe 159;TEPLIDA04_159,TEPLIDA05_159;;;ja;nein;ja;ja;jordan;;nur Jordan
NO_MATCH;Lida;;169;Farbe 169;TEPLIDA04_169,TEPLIDA05_169;;;ja;nein;ja;ja;jordan;;nur Jordan
NO_MATCH;Mavie;;0;x 400,0;TEPMAVIE04,TEPMAVIE05;;;ja;nein;ja;ja;jordan;;nur Jordan
NO_MATCH;Mavie;;109;Farbe 109;TEPMAVIE04_109,TEPMAVIE05_109;;;ja;nein;ja;ja;jordan;;nur Jordan
NO_MATCH;Mavie;;112;Farbe 112;TEPMAVIE04_112,TEPMAVIE05_112;;;ja;nein;ja;ja;jordan;;nur Jordan
NO_MATCH;Mavie;;113;Farbe 113;TEPMAVIE04_113,TEPMAVIE05_113;;;ja;nein;ja;ja;jordan;;nur Jordan
NO_MATCH;Mavie;;119;Farbe 119;TEPMAVIE04_119,TEPMAVIE05_119;;;ja;nein;ja;ja;jordan;;nur Jordan
NO_MATCH;Mavie;;129;Farbe 129;TEPMAVIE04_129,TEPMAVIE05_129;;;ja;nein;ja;ja;jordan;;nur Jordan
NO_MATCH;Mavie;;132;Farbe 132;TEPMAVIE04_132,TEPMAVIE05_132;;;ja;nein;ja;ja;jordan;;nur Jordan
NO_MATCH;Mavie;;139;Farbe 139;TEPMAVIE04_139,TEPMAVIE05_139;;;ja;nein;ja;ja;jordan;;nur Jordan
NO_MATCH;Filo;;0;x 500,0;TEPFILO04,TEPFILO05;;;ja;nein;ja;ja;jordan;;nur Jordan
NO_MATCH;Filo;;513;Farbe 513;TEPFILO04_513,TEPFILO05_513;;;ja;nein;ja;ja;jordan;;nur Jordan
NO_MATCH;Filo;;514;Farbe 514;TEPFILO04_514,TEPFILO05_514;;;ja;nein;ja;ja;jordan;;nur Jordan
NO_MATCH;Filo;;515;Farbe 515;TEPFILO04_515,TEPFILO05_515;;;ja;nein;ja;ja;jordan;;nur Jordan
NO_MATCH;Filo;;518;Farbe 518;TEPFILO04_518,TEPFILO05_518;;;ja;nein;ja;ja;jordan;;nur Jordan
NO_MATCH;Filo;;522;Farbe 522;TEPFILO04_522,TEPFILO05_522;;;ja;nein;ja;ja;jordan;;nur Jordan
NO_MATCH;Denia;;0;x 500,0;TEPDENIA04,TEPDENIA05;;;ja;nein;ja;ja;jordan;;nur Jordan
NO_MATCH;Denia;;119;Farbe 119;TEPDENIA04_119,TEPDENIA05_119;;;ja;nein;ja;ja;jordan;;nur Jordan
NO_MATCH;Denia;;122;Farbe 122;TEPDENIA04_122,TEPDENIA05_122;;;ja;nein;ja;ja;jordan;;nur Jordan
NO_MATCH;Denia;;123;Farbe 123;TEPDENIA04_123,TEPDENIA05_123;;;ja;nein;ja;ja;jordan;;nur Jordan
NO_MATCH;Denia;;132;Farbe 132;TEPDENIA04_132,TEPDENIA05_132;;;ja;nein;ja;ja;jordan;;nur Jordan
NO_MATCH;Denia;;149;Farbe 149;TEPDENIA04_149,TEPDENIA05_149;;;ja;nein;ja;ja;jordan;;nur Jordan
NO_MATCH;Denia;;163;Farbe 163;TEPDENIA04_163,TEPDENIA05_163;;;ja;nein;ja;ja;jordan;;nur Jordan
NO_MATCH;Denia;;179;Farbe 179;TEPDENIA04_179,TEPDENIA05_179;;;ja;nein;ja;ja;jordan;;nur Jordan
NO_MATCH;Denia;;189;Farbe 189;TEPDENIA04_189,TEPDENIA05_189;;;ja;nein;ja;ja;jordan;;nur Jordan
NO_MATCH;Cosmo;;0;x 400,0;TEPCOSMO04,TEPCOSMO05;;;ja;nein;ja;ja;jordan;;nur Jordan
NO_MATCH;Cosmo;;102;Farbe 102;TEPCOSMO04_102,TEPCOSMO05_102;;;ja;nein;ja;ja;jordan;;nur Jordan
NO_MATCH;Cosmo;;109;Farbe 109;TEPCOSMO04_109,TEPCOSMO05_109;;;ja;nein;ja;ja;jordan;;nur Jordan
NO_MATCH;Cosmo;;119;Farbe 119;TEPCOSMO04_119,TEPCOSMO05_119;;;ja;nein;ja;ja;jordan;;nur Jordan
NO_MATCH;Cosmo;;122;Farbe 122;TEPCOSMO04_122,TEPCOSMO05_122;;;ja;nein;ja;ja;jordan;;nur Jordan
NO_MATCH;Cosmo;;153;Farbe 153;TEPCOSMO04_153,TEPCOSMO05_153;;;ja;nein;ja;ja;jordan;;nur Jordan
NO_MATCH;Cosmo;;159;Farbe 159;TEPCOSMO04_159,TEPCOSMO05_159;;;ja;nein;ja;ja;jordan;;nur Jordan
MATCH_PROBABLE;Granat;MPlus Analog 2029 911-0020 200 cm Rhodos;0;x 400,0;TEPNAFGRA2,TEPNAFGRA4;;;ja;nein;ja;ja;jordan;;nur Jordan
MATCH_PROBABLE;Granat;MPlus Analog 2029 911-0020 200 cm Rhodos;20;;;911-0020 Grün Mittel;2965-000025;nein;ja;nein;nein;mplus;;nur M-Plus - kein Wunschmass/Kettelservice annehmen
MATCH_PROBABLE;Granat;MPlus Analog 2029 911-0020 200 cm Rhodos;32;Farbe 32;TEPNAFGRA2_32,TEPNAFGRA4_32;911-0032 Blau Dunkel;2965-000027;ja;ja;ja;ja;jordan;mplus;
MATCH_PROBABLE;Granat;MPlus Analog 2029 911-0020 200 cm Rhodos;35;Farbe 35;TEPNAFGRA2_35,TEPNAFGRA4_35;911-0035 Grau Mittel;2965-000029;ja;ja;ja;ja;jordan;mplus;
MATCH_PROBABLE;Granat;MPlus Analog 2029 911-0020 200 cm Rhodos;37;;;911-0037 Blau Dunkel;2965-000031;nein;ja;nein;nein;mplus;;nur M-Plus - kein Wunschmass/Kettelservice annehmen
MATCH_PROBABLE;Granat;MPlus Analog 2029 911-0020 200 cm Rhodos;39;Farbe 39;TEPNAFGRA2_39,TEPNAFGRA4_39;911-0039 Blau Mittel;2965-000033;ja;ja;ja;ja;jordan;mplus;
MATCH_PROBABLE;Granat;MPlus Analog 2029 911-0020 200 cm Rhodos;40;Farbe 40;TEPNAFGRA2_40,TEPNAFGRA4_40;911-0040 Rot Dunkel;2965-000035;ja;ja;ja;ja;jordan;mplus;
MATCH_PROBABLE;Granat;MPlus Analog 2029 911-0020 200 cm Rhodos;50;Farbe 50;TEPNAFGRA2_50,TEPNAFGRA4_50;911-0050 Grau Dunkel;2965-000037;ja;ja;ja;ja;jordan;mplus;
MATCH_PROBABLE;Granat;MPlus Analog 2029 911-0020 200 cm Rhodos;70;Farbe 70;TEPNAFGRA2_70,TEPNAFGRA4_70;911-0070 Grau Hell;2965-000039;ja;ja;ja;ja;jordan;mplus;
MATCH_PROBABLE;Granat;MPlus Analog 2029 911-0020 200 cm Rhodos;72;Farbe 72;TEPNAFGRA2_72,TEPNAFGRA4_72;911-0072 Grau Mittel;2965-000041;ja;ja;ja;ja;jordan;mplus;
MATCH_PROBABLE;Granat;MPlus Analog 2029 911-0020 200 cm Rhodos;80;Farbe 80;TEPNAFGRA2_80,TEPNAFGRA4_80;911-0080 Braun Hell;2965-000043;ja;ja;ja;ja;jordan;mplus;
NO_MATCH;Karat;;0;x 200,0;TEPKARAT2;;;ja;nein;ja;ja;jordan;;nur Jordan
NO_MATCH;Karat;;30;Fb. 30;TEPKARAT2_030;;;ja;nein;ja;ja;jordan;;nur Jordan
NO_MATCH;Karat;;40;Fb. 40;TEPKARAT2_040;;;ja;nein;ja;ja;jordan;;nur Jordan
NO_MATCH;Karat;;50;Fb. 50;TEPKARAT2_050;;;ja;nein;ja;ja;jordan;;nur Jordan
NO_MATCH;Karat;;60;Fb. 60;TEPKARAT2_060;;;ja;nein;ja;ja;jordan;;nur Jordan
NO_MATCH;Karat;;70;Fb. 70;TEPKARAT2_070;;;ja;nein;ja;ja;jordan;;nur Jordan
NO_MATCH;Karat;;80;Fb. 80;TEPKARAT2_080;;;ja;nein;ja;ja;jordan;;nur Jordan
NO_MATCH;Karat;;90;Fb. 90;TEPKARAT2_090;;;ja;nein;ja;ja;jordan;;nur Jordan
NO_MATCH;Karat;;100;Fb. 100;TEPKARAT2_100;;;ja;nein;ja;ja;jordan;;nur Jordan
NO_MATCH;Karat;;110;Fb. 110;TEPKARAT2_110;;;ja;nein;ja;ja;jordan;;nur Jordan
NO_MATCH;Basalt;;0;x 400,0;TEPBASAL2,TEPBASAL4;;;ja;nein;ja;ja;jordan;;nur Jordan
NO_MATCH;Basalt;;16;Fb. 16;TEPBASAL2_016,TEPBASAL4_016;;;ja;nein;ja;ja;jordan;;nur Jordan
NO_MATCH;Basalt;;24;Fb. 24;TEPBASAL2_024,TEPBASAL4_024;;;ja;nein;ja;ja;jordan;;nur Jordan
NO_MATCH;Basalt;;44;Fb. 44;TEPBASAL2_044,TEPBASAL4_044;;;ja;nein;ja;ja;jordan;;nur Jordan
NO_MATCH;Basalt;;54;Fb. 54;TEPBASAL2_054,TEPBASAL4_054;;;ja;nein;ja;ja;jordan;;nur Jordan
NO_MATCH;Basalt;;56;Fb. 56;TEPBASAL2_056,TEPBASAL4_056;;;ja;nein;ja;ja;jordan;;nur Jordan
NO_MATCH;Basalt;;85;Fb. 85;TEPBASAL2_085,TEPBASAL4_085;;;ja;nein;ja;ja;jordan;;nur Jordan
NO_MATCH;Basalt;;88;Fb. 88;TEPBASAL2_088,TEPBASAL4_088;;;ja;nein;ja;ja;jordan;;nur Jordan
NO_MATCH;Basalt;;89;Fb. 89;TEPBASAL2_089,TEPBASAL4_089;;;ja;nein;ja;ja;jordan;;nur Jordan
NO_MATCH;Granit;;0;x 200,0;TEPGRAN04,TEPGRAN2;;;ja;nein;ja;ja;jordan;;nur Jordan
NO_MATCH;Granit;;20;Farbe 20;TEPGRAN04_020,TEPGRAN2_020;;;ja;nein;ja;ja;jordan;;nur Jordan
NO_MATCH;Granit;;32;Farbe 32;TEPGRAN04_032,TEPGRAN2_032;;;ja;nein;ja;ja;jordan;;nur Jordan
NO_MATCH;Granit;;39;Farbe 39;TEPGRAN04_039,TEPGRAN2_039;;;ja;nein;ja;ja;jordan;;nur Jordan
NO_MATCH;Granit;;43;Farbe 43;TEPGRAN04_043,TEPGRAN2_043;;;ja;nein;ja;ja;jordan;;nur Jordan
NO_MATCH;Granit;;50;Farbe 50;TEPGRAN04_050,TEPGRAN2_050;;;ja;nein;ja;ja;jordan;;nur Jordan
NO_MATCH;Granit;;51;Farbe 51;TEPGRAN04_051,TEPGRAN2_051;;;ja;nein;ja;ja;jordan;;nur Jordan
NO_MATCH;Granit;;62;Farbe 62;TEPGRAN04_062,TEPGRAN2_062;;;ja;nein;ja;ja;jordan;;nur Jordan
NO_MATCH;Granit;;70;Farbe 70;TEPGRAN04_070,TEPGRAN2_070;;;ja;nein;ja;ja;jordan;;nur Jordan
NO_MATCH;Granit;;72;Farbe 72;TEPGRAN04_072,TEPGRAN2_072;;;ja;nein;ja;ja;jordan;;nur Jordan
NO_MATCH;Granit;;80;Farbe 80;TEPGRAN04_080,TEPGRAN2_080;;;ja;nein;ja;ja;jordan;;nur Jordan
MATCH_PROBABLE;Forte;MPlus Analog 2029 916-6802 200 cm Santorin;0;x 200,0;TEPNAFFORL;;;ja;nein;ja;ja;jordan;;nur Jordan
MATCH_PROBABLE;Forte;MPlus Analog 2029 916-6802 200 cm Santorin;6802;Farbe 6802;TEPNAFFORL_6802;916-6802 Grau Mittel;2022-001416;ja;ja;ja;ja;jordan;mplus;
MATCH_PROBABLE;Forte;MPlus Analog 2029 916-6802 200 cm Santorin;7202;Farbe 7202;TEPNAFFORL_7202;916-7202 Blau Mittel;2022-001417;ja;ja;ja;ja;jordan;mplus;
MATCH_PROBABLE;Forte;MPlus Analog 2029 916-6802 200 cm Santorin;7602;Farbe 7602;TEPNAFFORL_7602;916-7602 Blau Dunkel;2022-001419;ja;ja;ja;ja;jordan;mplus;
MATCH_PROBABLE;Forte;MPlus Analog 2029 916-6802 200 cm Santorin;7802;Farbe 7802;TEPNAFFORL_7802;916-7802 Grau Dunkel;2022-001420;ja;ja;ja;ja;jordan;mplus;
MATCH_PROBABLE;Forte;MPlus Analog 2029 916-6802 200 cm Santorin;8402;Farbe 8402;TEPNAFFORL_8402;916-8402 Grau Hell;2022-001422;ja;ja;ja;ja;jordan;mplus;
MATCH_PROBABLE;Forte;MPlus Analog 2029 916-6802 200 cm Santorin;8602;Farbe 8602;TEPNAFFORL_8602;916-8602 Grau Mittel;2022-001423;ja;ja;ja;ja;jordan;mplus;
MATCH_PROBABLE;Forte;MPlus Analog 2029 916-6802 200 cm Santorin;8802;Farbe 8802;TEPNAFFORL_8802;916-8802 Grau Dunkel;2022-001424;ja;ja;ja;ja;jordan;mplus;
MATCH_PROBABLE;Forte;MPlus Analog 2029 916-6802 200 cm Santorin;9002;Farbe 9002;TEPNAFFORL_9002;916-9002 Grau Mittel;2022-001425;ja;ja;ja;ja;jordan;mplus;
MATCH_PROBABLE;Forte;MPlus Analog 2029 916-6802 200 cm Santorin;9202;Farbe 9202;TEPNAFFORL_9202;916-9202 Blau Dunkel;2022-001426;ja;ja;ja;ja;jordan;mplus;
MATCH_PROBABLE;Forte;MPlus Analog 2029 916-6802 200 cm Santorin;9802;Farbe 9802;TEPNAFFORL_9802;916-9802 Schwarz Dunkel;2022-001427;ja;ja;ja;ja;jordan;mplus;
NO_MATCH;Mars;;0;x 200,0;TEPNAFMARS;;;ja;nein;ja;ja;jordan;;nur Jordan
NO_MATCH;Mars;;100;Farbe 100;TEPNAFMARS_100;;;ja;nein;ja;ja;jordan;;nur Jordan
NO_MATCH;Mars;;150;Farbe 150;TEPNAFMARS_150;;;ja;nein;ja;ja;jordan;;nur Jordan
NO_MATCH;Mars;;200;Farbe 200;TEPNAFMARS_200;;;ja;nein;ja;ja;jordan;;nur Jordan
NO_MATCH;Mars;;250;Farbe 250;TEPNAFMARS_250;;;ja;nein;ja;ja;jordan;;nur Jordan
NO_MATCH;Mars;;300;Farbe 300;TEPNAFMARS_300;;;ja;nein;ja;ja;jordan;;nur Jordan
NO_MATCH;Mars;;350;Farbe 350;TEPNAFMARS_350;;;ja;nein;ja;ja;jordan;;nur Jordan
NO_MATCH;Mars;;400;Farbe 400;TEPNAFMARS_400;;;ja;nein;ja;ja;jordan;;nur Jordan
NO_MATCH;Mars;;500;Farbe 500;TEPNAFMARS_500;;;ja;nein;ja;ja;jordan;;nur Jordan
NO_MATCH;Mars;;750;Farbe 750;TEPNAFMARS_750;;;ja;nein;ja;ja;jordan;;nur Jordan
NO_MATCH;Mars;;850;Farbe 850;TEPNAFMARS_850;;;ja;nein;ja;ja;jordan;;nur Jordan
NO_MATCH;Granat Fliese;;0;0,500x  50,0;TEPNAFGRAF;;;ja;nein;ja;ja;jordan;;nur Jordan
NO_MATCH;Granat Fliese;;39;Fb. 39;TEPNAFGRAF_039;;;ja;nein;ja;ja;jordan;;nur Jordan
NO_MATCH;Granat Fliese;;50;Fb. 50;TEPNAFGRAF_050;;;ja;nein;ja;ja;jordan;;nur Jordan
NO_MATCH;Granat Fliese;;70;Fb. 70;TEPNAFGRAF_070;;;ja;nein;ja;ja;jordan;;nur Jordan
NO_MATCH;Granat Fliese;;72;Fb. 72;TEPNAFGRAF_072;;;ja;nein;ja;ja;jordan;;nur Jordan
NO_MATCH;Granat Fliese;;80;Fb. 80;TEPNAFGRAF_080;;;ja;nein;ja;ja;jordan;;nur Jordan
NO_MATCH;Karat Fliese;;30;Fb. 30;TEPKARATFL_030;;;ja;nein;ja;ja;jordan;;nur Jordan
NO_MATCH;Karat Fliese;;40;Fb. 40;TEPKARATFL_040;;;ja;nein;ja;ja;jordan;;nur Jordan
NO_MATCH;Karat Fliese;;50;Fb. 50;TEPKARATFL_050;;;ja;nein;ja;ja;jordan;;nur Jordan
NO_MATCH;Karat Fliese;;60;Fb. 60;TEPKARATFL_060;;;ja;nein;ja;ja;jordan;;nur Jordan
NO_MATCH;Karat Fliese;;70;Fb. 70;TEPKARATFL_070;;;ja;nein;ja;ja;jordan;;nur Jordan
NO_MATCH;Karat Fliese;;80;Fb. 80;TEPKARATFL_080;;;ja;nein;ja;ja;jordan;;nur Jordan
NO_MATCH;Karat Fliese;;90;Fb. 90;TEPKARATFL_090;;;ja;nein;ja;ja;jordan;;nur Jordan
NO_MATCH;Karat Fliese;;100;Fb. 100;TEPKARATFL_100;;;ja;nein;ja;ja;jordan;;nur Jordan
NO_MATCH;Karat Fliese;;110;Fb. 110;TEPKARATFL_110;;;ja;nein;ja;ja;jordan;;nur Jordan
NO_MATCH;Karat Fliese;;TEPKARATFL;;TEPKARATFL;;;ja;nein;ja;ja;jordan;;nur Jordan
MATCH_CONFIRMED;Strong 956;MPlus Analog 2029 956-0021 200 cm Strong;0;x 200,0;TEPSTRO956;;;ja;nein;ja;ja;jordan;;nur Jordan
MATCH_CONFIRMED;Strong 956;MPlus Analog 2029 956-0021 200 cm Strong;21;Farbe 021;TEPSTRO956_021;956-0021 Grau Hell;2965-000046;ja;ja;ja;ja;jordan;mplus;
MATCH_CONFIRMED;Strong 956;MPlus Analog 2029 956-0021 200 cm Strong;24;Farbe 024;TEPSTRO956_024;956-0024 Blau Hell;2965-000047;ja;ja;ja;ja;jordan;mplus;
MATCH_CONFIRMED;Strong 956;MPlus Analog 2029 956-0021 200 cm Strong;37;Farbe 037;TEPSTRO956_037;956-0037 Grün Mittel;2965-000048;ja;ja;ja;ja;jordan;mplus;
MATCH_CONFIRMED;Strong 956;MPlus Analog 2029 956-0021 200 cm Strong;44;Farbe 044;TEPSTRO956_044;956-0044 Blau Mittel;2965-000049;ja;ja;ja;ja;jordan;mplus;
MATCH_CONFIRMED;Strong 956;MPlus Analog 2029 956-0021 200 cm Strong;54;Farbe 054;TEPSTRO956_054;956-0054 Grau Hell;2965-000050;ja;ja;ja;ja;jordan;mplus;
MATCH_CONFIRMED;Strong 956;MPlus Analog 2029 956-0021 200 cm Strong;56;Farbe 056;TEPSTRO956_056;956-0056 Grau Mittel;2965-000051;ja;ja;ja;ja;jordan;mplus;
MATCH_CONFIRMED;Strong 956;MPlus Analog 2029 956-0021 200 cm Strong;63;Farbe 063;TEPSTRO956_063;956-0063 Braun Mittel;2965-000052;ja;ja;ja;ja;jordan;mplus;
MATCH_CONFIRMED;Strong 956;MPlus Analog 2029 956-0021 200 cm Strong;66;Farbe 066;TEPSTRO956_066;956-0066 Braun Dunkel;2965-000053;ja;ja;ja;ja;jordan;mplus;
MATCH_CONFIRMED;Strong 956;MPlus Analog 2029 956-0021 200 cm Strong;85;Farbe 085;TEPSTRO956_085;956-0085 Grau Dunkel;2965-000054;ja;ja;ja;ja;jordan;mplus;
MATCH_CONFIRMED;Strong 956;MPlus Analog 2029 956-0021 200 cm Strong;88;Farbe 088;TEPSTRO956_088;956-0088 Grau Dunkel;2965-000055;ja;ja;ja;ja;jordan;mplus;
MATCH_CONFIRMED;Strong 956;MPlus Analog 2029 956-0021 200 cm Strong;89;Farbe 089;TEPSTRO956_089;956-0089 Blau Dunkel;2965-000056;ja;ja;ja;ja;jordan;mplus;
MATCH_CONFIRMED;Strong 956;MPlus Analog 2029 956-0021 200 cm Strong;112;Farbe 112;TEPSTRO956_112;956-0112 Rot Dunkel;2965-000057;ja;ja;ja;ja;jordan;mplus;
MATCH_CONFIRMED;Strong 956;MPlus Analog 2029 956-0021 200 cm Strong;115;Farbe 115;TEPSTRO956_115;956-0115 Rot Mittel;2965-000058;ja;ja;ja;ja;jordan;mplus;
MATCH_CONFIRMED;Strong 956;MPlus Analog 2029 956-0021 200 cm Strong;119;Farbe 119;TEPSTRO956_119;956-0119 Rosa Mittel;2965-000059;ja;ja;ja;ja;jordan;mplus;
MATCH_CONFIRMED;Strong 956;MPlus Analog 2029 956-0021 200 cm Strong;120;Farbe 120;TEPSTRO956_120;956-0120 Blau Dunkel;2965-000060;ja;ja;ja;ja;jordan;mplus;
MATCH_CONFIRMED;Strong 956;MPlus Analog 2029 956-0021 200 cm Strong;130;Farbe 130;TEPSTRO956_130;956-0130 Grün Dunkel;2965-000061;ja;ja;ja;ja;jordan;mplus;
MATCH_CONFIRMED;Strong 956;MPlus Analog 2029 956-0021 200 cm Strong;131;Farbe 131;TEPSTRO956_131;956-0131 Grün Hell;2965-000062;ja;ja;ja;ja;jordan;mplus;
MATCH_CONFIRMED;Strong 956;MPlus Analog 2029 956-0021 200 cm Strong;136;Farbe 136;TEPSTRO956_136;956-0136 Grün Mittel;2965-000063;ja;ja;ja;ja;jordan;mplus;
MATCH_CONFIRMED;Strong 956;MPlus Analog 2029 956-0021 200 cm Strong;138;Farbe 138;TEPSTRO956_138;956-0138 Grün Dunkel;2965-000064;ja;ja;ja;ja;jordan;mplus;
MATCH_CONFIRMED;Strong 956;MPlus Analog 2029 956-0021 200 cm Strong;141;Farbe 141;TEPSTRO956_141;956-0141 Beige Hell;2965-000065;ja;ja;ja;ja;jordan;mplus;
MATCH_CONFIRMED;Strong 956;MPlus Analog 2029 956-0021 200 cm Strong;142;Farbe 142;TEPSTRO956_142;956-0142 Beige Mittel;2965-000066;ja;ja;ja;ja;jordan;mplus;
MATCH_CONFIRMED;Strong 956;MPlus Analog 2029 956-0021 200 cm Strong;153;Farbe 153;TEPSTRO956_153;956-0153 Braun Hell;2965-000067;ja;ja;ja;ja;jordan;mplus;
MATCH_CONFIRMED;Strong 956;MPlus Analog 2029 956-0021 200 cm Strong;163;Farbe 163;TEPSTRO956_163;956-0163 Braun Mittel;2965-000068;ja;ja;ja;ja;jordan;mplus;
MATCH_CONFIRMED;Strong 956;MPlus Analog 2029 956-0021 200 cm Strong;165;Farbe 165;TEPSTRO956_165;956-0165 Braun Dunkel;2965-000069;ja;ja;ja;ja;jordan;mplus;
MATCH_CONFIRMED;Strong 956;MPlus Analog 2029 956-0021 200 cm Strong;166;Farbe 166;TEPSTRO956_166;956-0166 Rot Dunkel;2965-000070;ja;ja;ja;ja;jordan;mplus;
MATCH_CONFIRMED;Strong 956;MPlus Analog 2029 956-0021 200 cm Strong;170;Farbe 170;TEPSTRO956_170;956-0170 Braun Mittel;2965-000071;ja;ja;ja;ja;jordan;mplus;
MATCH_CONFIRMED;Strong 956;MPlus Analog 2029 956-0021 200 cm Strong;174;Farbe 174;TEPSTRO956_174;956-0174 Beige Mittel;2965-000072;ja;ja;ja;ja;jordan;mplus;
MATCH_CONFIRMED;Strong 956;MPlus Analog 2029 956-0021 200 cm Strong;175;Farbe 175;TEPSTRO956_175;956-0175 Orange Mittel;2965-000073;ja;ja;ja;ja;jordan;mplus;
MATCH_CONFIRMED;Strong 956;MPlus Analog 2029 956-0021 200 cm Strong;177;Farbe 177;TEPSTRO956_177;956-0177 Orange Hell;2965-000074;ja;ja;ja;ja;jordan;mplus;
MATCH_CONFIRMED;Strong 956;MPlus Analog 2029 956-0021 200 cm Strong;180;Farbe 180;TEPSTRO956_180;956-0180 Grau Mittel;2965-000075;ja;ja;ja;ja;jordan;mplus;
MATCH_CONFIRMED;Strong 956;MPlus Analog 2029 956-0021 200 cm Strong;181;Farbe 181;TEPSTRO956_181;956-0181 Schwarz Dunkel;2965-000076;ja;ja;ja;ja;jordan;mplus;
MATCH_CONFIRMED;Strong 956;MPlus Analog 2029 956-0021 200 cm Strong;190;Farbe 190;TEPSTRO956_190;956-0190 Lila Dunkel;2965-000077;ja;ja;ja;ja;jordan;mplus;
NO_MATCH;Titan Eco;;0;x 200,0;TEPNAFJVT4,TEPNAFJVTI;;;ja;nein;ja;ja;jordan;;nur Jordan
NO_MATCH;Titan Eco;;160;Farbe 160;TEPNAFJVT4_16,TEPNAFJVTI_16;;;ja;nein;ja;ja;jordan;;nur Jordan
NO_MATCH;Titan Eco;;200;Farbe 200;TEPNAFJVT4_20,TEPNAFJVTI_20;;;ja;nein;ja;ja;jordan;;nur Jordan
NO_MATCH;Titan Eco;;300;Farbe 300;TEPNAFJVT4_30,TEPNAFJVTI_30;;;ja;nein;ja;ja;jordan;;nur Jordan
NO_MATCH;Titan Eco;;310;Farbe 310;TEPNAFJVT4_31,TEPNAFJVTI_31;;;ja;nein;ja;ja;jordan;;nur Jordan
NO_MATCH;Titan Eco;;330;Farbe 330;TEPNAFJVT4_33,TEPNAFJVTI_33;;;ja;nein;ja;ja;jordan;;nur Jordan
NO_MATCH;Titan Eco;;390;Farbe 390;TEPNAFJVT4_39,TEPNAFJVTI_39;;;ja;nein;ja;ja;jordan;;nur Jordan
NO_MATCH;Titan Eco;;400;Farbe 400;TEPNAFJVT4_40,TEPNAFJVTI_40;;;ja;nein;ja;ja;jordan;;nur Jordan
NO_MATCH;Titan Eco;;500;Farbe 500;TEPNAFJVT4_50,TEPNAFJVTI_50;;;ja;nein;ja;ja;jordan;;nur Jordan
NO_MATCH;Titan Eco;;600;Farbe 600;TEPNAFJVT4_60,TEPNAFJVTI_60;;;ja;nein;ja;ja;jordan;;nur Jordan
NO_MATCH;Titan Eco;;630;Farbe 630;TEPNAFJVT4_63,TEPNAFJVTI_63;;;ja;nein;ja;ja;jordan;;nur Jordan
NO_MATCH;Titan Eco;;700;Farbe 700;TEPNAFJVT4_70,TEPNAFJVTI_70;;;ja;nein;ja;ja;jordan;;nur Jordan
NO_MATCH;Titan Eco;;720;Farbe 720;TEPNAFJVT4_72,TEPNAFJVTI_72;;;ja;nein;ja;ja;jordan;;nur Jordan
NO_MATCH;Titan Eco;;800;Farbe 800;TEPNAFJVT4_80,TEPNAFJVTI_80;;;ja;nein;ja;ja;jordan;;nur Jordan
MATCH_CONFIRMED;Strong 733;MPlus Analog 2029 733-0021 200 cm Strong;0;x 200,0;TEPM733L;;;ja;nein;ja;ja;jordan;;nur Jordan
MATCH_CONFIRMED;Strong 733;MPlus Analog 2029 733-0021 200 cm Strong;16;Farbe 16;TEPM733L_016;;;ja;nein;ja;ja;jordan;;nur Jordan
MATCH_CONFIRMED;Strong 733;MPlus Analog 2029 733-0021 200 cm Strong;21;Farbe 21;TEPM733L_021;733-0021 Grau Mittel;2965-000093;ja;ja;ja;ja;jordan;mplus;
MATCH_CONFIRMED;Strong 733;MPlus Analog 2029 733-0021 200 cm Strong;24;Farbe 24;TEPM733L_024;;;ja;nein;ja;ja;jordan;;nur Jordan
MATCH_CONFIRMED;Strong 733;MPlus Analog 2029 733-0021 200 cm Strong;44;Farbe 44;TEPM733L_044;733-0044 Blau Mittel;2965-000094;ja;ja;ja;ja;jordan;mplus;
MATCH_CONFIRMED;Strong 733;MPlus Analog 2029 733-0021 200 cm Strong;54;Farbe 54;TEPM733L_054;733-0054 Grau Hell;2965-000095;ja;ja;ja;ja;jordan;mplus;
MATCH_CONFIRMED;Strong 733;MPlus Analog 2029 733-0021 200 cm Strong;56;Farbe 56;TEPM733L_056;733-0056 Grau Mittel;2965-000096;ja;ja;ja;ja;jordan;mplus;
MATCH_CONFIRMED;Strong 733;MPlus Analog 2029 733-0021 200 cm Strong;85;Farbe 85;TEPM733L_085;733-0085 Grau Dunkel;2965-000097;ja;ja;ja;ja;jordan;mplus;
MATCH_CONFIRMED;Strong 733;MPlus Analog 2029 733-0021 200 cm Strong;88;Farbe 88;TEPM733L_088;733-0088 Grau Dunkel;2965-000098;ja;ja;ja;ja;jordan;mplus;
MATCH_CONFIRMED;Strong 733;MPlus Analog 2029 733-0021 200 cm Strong;89;Farbe 89;TEPM733L_089;733-0089 Blau Dunkel;2965-000099;ja;ja;ja;ja;jordan;mplus;
MATCH_CONFIRMED;Strong 733;MPlus Analog 2029 733-0021 200 cm Strong;120;Farbe 120;TEPM733L_120;;;ja;nein;ja;ja;jordan;;nur Jordan
MATCH_CONFIRMED;Strong 733;MPlus Analog 2029 733-0021 200 cm Strong;142;Farbe 142;TEPM733L_142;733-0142 Beige Mittel;2965-000100;ja;ja;ja;ja;jordan;mplus;
MATCH_CONFIRMED;Strong 733;MPlus Analog 2029 733-0021 200 cm Strong;180;Farbe 180;TEPM733L_180;733-0180 Grau Mittel;2965-000101;ja;ja;ja;ja;jordan;mplus;
MATCH_CONFIRMED;Strong 733;MPlus Analog 2029 733-0021 200 cm Strong;181;Farbe 181;TEPM733L_181;733-0181 Schwarz Dunkel;2965-000102;ja;ja;ja;ja;jordan;mplus;
NO_MATCH;Strong 966 Fliese;;0;0,500x  50,0;TEPSTR966;;;ja;nein;ja;ja;jordan;;nur Jordan
NO_MATCH;Strong 966 Fliese;;24;Fb. 24;TEPSTR966_024;;;ja;nein;ja;ja;jordan;;nur Jordan
NO_MATCH;Strong 966 Fliese;;39;Fb. 39;TEPSTR966_039;;;ja;nein;ja;ja;jordan;;nur Jordan
NO_MATCH;Strong 966 Fliese;;50;Fb. 50;TEPSTR966_050;;;ja;nein;ja;ja;jordan;;nur Jordan
NO_MATCH;Strong 966 Fliese;;70;Fb. 70;TEPSTR966_070;;;ja;nein;ja;ja;jordan;;nur Jordan
NO_MATCH;Strong 966 Fliese;;72;Fb. 72;TEPSTR966_072;;;ja;nein;ja;ja;jordan;;nur Jordan
NO_MATCH;Strong 966 Fliese;;80;Fb. 80;TEPSTR966_080;;;ja;nein;ja;ja;jordan;;nur Jordan
NO_MATCH;Strong 966 Fliese;;85;Fb. 85;TEPSTR966_085;;;ja;nein;ja;ja;jordan;;nur Jordan
NO_MATCH;Strong 966 Fliese;;89;Fb. 89;TEPSTR966_089;;;ja;nein;ja;ja;jordan;;nur Jordan
NO_MATCH;Strong 966 Fliese;;141;Fb. 141;TEPSTR966_141;;;ja;nein;ja;ja;jordan;;nur Jordan
NO_MATCH;Strong 966 Fliese;;181;Fb. 181;TEPSTR966_181;;;ja;nein;ja;ja;jordan;;nur Jordan
NO_MATCH;Titan Eco Fliese;;0;0,500x  50,0;TEPNAFJVTE;;;ja;nein;ja;ja;jordan;;nur Jordan
NO_MATCH;Titan Eco Fliese;;160;Fb. 160;TEPNAFJVTE_160;;;ja;nein;ja;ja;jordan;;nur Jordan
NO_MATCH;Titan Eco Fliese;;310;Fb. 310;TEPNAFJVTE_310;;;ja;nein;ja;ja;jordan;;nur Jordan
NO_MATCH;Titan Eco Fliese;;330;Fb. 330;TEPNAFJVTE_330;;;ja;nein;ja;ja;jordan;;nur Jordan
NO_MATCH;Titan Eco Fliese;;390;Fb. 390;TEPNAFJVTE_390;;;ja;nein;ja;ja;jordan;;nur Jordan
NO_MATCH;Titan Eco Fliese;;500;Fb. 500;TEPNAFJVTE_500;;;ja;nein;ja;ja;jordan;;nur Jordan
NO_MATCH;Titan Eco Fliese;;700;Fb. 700;TEPNAFJVTE_700;;;ja;nein;ja;ja;jordan;;nur Jordan
NO_MATCH;Titan Eco Fliese;;720;Fb. 720;TEPNAFJVTE_720;;;ja;nein;ja;ja;jordan;;nur Jordan
NO_MATCH;Strong Compact 926;;0;x 200,0;TEPSTRCOM;;;ja;nein;ja;ja;jordan;;nur Jordan
NO_MATCH;Strong Compact 926;;21;Fb. 021;TEPSTRCOM_021;;;ja;nein;ja;ja;jordan;;nur Jordan
NO_MATCH;Strong Compact 926;;39;Fb. 039;TEPSTRCOM_039;;;ja;nein;ja;ja;jordan;;nur Jordan
NO_MATCH;Strong Compact 926;;54;Fb. 054;TEPSTRCOM_054;;;ja;nein;ja;ja;jordan;;nur Jordan
NO_MATCH;Strong Compact 926;;63;Fb. 063;TEPSTRCOM_063;;;ja;nein;ja;ja;jordan;;nur Jordan
NO_MATCH;Strong Compact 926;;88;Fb. 088;TEPSTRCOM_088;;;ja;nein;ja;ja;jordan;;nur Jordan
NO_MATCH;Strong Compact 926;;115;Fb. 115;TEPSTRCOM_115;;;ja;nein;ja;ja;jordan;;nur Jordan
NO_MATCH;Strong Compact 926;;136;Fb. 136;TEPSTRCOM_136;;;ja;nein;ja;ja;jordan;;nur Jordan
NO_MATCH;Strong Compact 926;;141;Fb. 141;TEPSTRCOM_141;;;ja;nein;ja;ja;jordan;;nur Jordan
NO_MATCH;Strong Compact 926;;177;Fb. 177;TEPSTRCOM_177;;;ja;nein;ja;ja;jordan;;nur Jordan
NO_MATCH;Strong Compact 926;;181;Fb. 181;TEPSTRCOM_181;;;ja;nein;ja;ja;jordan;;nur Jordan
NO_MATCH;Strong 745;;0;x 200,0;TEPM745SL;;;ja;nein;ja;ja;jordan;;nur Jordan
NO_MATCH;Strong 745;;21;Farbe 21;TEPM745SL_021;;;ja;nein;ja;ja;jordan;;nur Jordan
NO_MATCH;Strong 745;;24;Farbe 24;TEPM745SL_024;;;ja;nein;ja;ja;jordan;;nur Jordan
NO_MATCH;Strong 745;;44;Farbe 44;TEPM745SL_044;;;ja;nein;ja;ja;jordan;;nur Jordan
NO_MATCH;Strong 745;;54;Farbe 54;TEPM745SL_054;;;ja;nein;ja;ja;jordan;;nur Jordan
NO_MATCH;Strong 745;;56;Farbe 56;TEPM745SL_056;;;ja;nein;ja;ja;jordan;;nur Jordan
NO_MATCH;Strong 745;;63;Farbe 63;TEPM745SL_063;;;ja;nein;ja;ja;jordan;;nur Jordan
NO_MATCH;Strong 745;;66;Farbe 66;TEPM745SL_066;;;ja;nein;ja;ja;jordan;;nur Jordan
NO_MATCH;Strong 745;;85;Farbe 85;TEPM745SL_085;;;ja;nein;ja;ja;jordan;;nur Jordan
NO_MATCH;Strong 745;;88;Farbe 88;TEPM745SL_088;;;ja;nein;ja;ja;jordan;;nur Jordan
NO_MATCH;Strong 745;;89;Farbe 89;TEPM745SL_089;;;ja;nein;ja;ja;jordan;;nur Jordan
NO_MATCH;Strong 745;;120;Farbe 120;TEPM745SL_120;;;ja;nein;ja;ja;jordan;;nur Jordan
NO_MATCH;Strong 745;;130;Farbe 130;TEPM745SL_130;;;ja;nein;ja;ja;jordan;;nur Jordan
NO_MATCH;Strong 745;;141;Farbe 141;TEPM745SL_141;;;ja;nein;ja;ja;jordan;;nur Jordan
NO_MATCH;Strong 745;;142;Farbe 142;TEPM745SL_142;;;ja;nein;ja;ja;jordan;;nur Jordan
NO_MATCH;Strong 745;;153;Farbe 153;TEPM745SL_153;;;ja;nein;ja;ja;jordan;;nur Jordan
NO_MATCH;Strong 745;;163;Farbe 163;TEPM745SL_163;;;ja;nein;ja;ja;jordan;;nur Jordan
NO_MATCH;Strong 745;;165;Farbe 165;TEPM745SL_165;;;ja;nein;ja;ja;jordan;;nur Jordan
NO_MATCH;Strong 745;;174;Farbe 174;TEPM745SL_174;;;ja;nein;ja;ja;jordan;;nur Jordan
NO_MATCH;Strong 745;;180;Farbe 180;TEPM745SL_180;;;ja;nein;ja;ja;jordan;;nur Jordan
NO_MATCH;Strong 745;;181;Farbe 181;TEPM745SL_181;;;ja;nein;ja;ja;jordan;;nur Jordan
NO_MATCH;Strong 956 Tide;;0;x 200,0;TEPSTR956T;;;ja;nein;ja;ja;jordan;;nur Jordan
NO_MATCH;Strong 956 Tide;;2024;Fb. 2024;TEPSTR956T_2024;;;ja;nein;ja;ja;jordan;;nur Jordan
NO_MATCH;Strong 956 Tide;;2044;Fb. 2044;TEPSTR956T_2044;;;ja;nein;ja;ja;jordan;;nur Jordan
NO_MATCH;Strong 956 Tide;;2056;Fb. 2056;TEPSTR956T_2056;;;ja;nein;ja;ja;jordan;;nur Jordan
NO_MATCH;Strong 956 Tide;;2085;Fb. 2085;TEPSTR956T_2085;;;ja;nein;ja;ja;jordan;;nur Jordan
NO_MATCH;Strong 956 Tide;;2088;Fb. 2088;TEPSTR956T_2088;;;ja;nein;ja;ja;jordan;;nur Jordan
NO_MATCH;Strong 956 Tide;;2180;Fb. 2180;TEPSTR956T_2180;;;ja;nein;ja;ja;jordan;;nur Jordan
NO_MATCH;Strong 956 Tide;;2181;Fb. 2181;TEPSTR956T_2181;;;ja;nein;ja;ja;jordan;;nur Jordan
NO_MATCH;Rambo;;0;0,500x  50,0;TEPRAMBOFL;;;ja;nein;ja;ja;jordan;;nur Jordan
NO_MATCH;Rambo;;61;Farbe 61;TEPRAMBOFL_061;;;ja;nein;ja;ja;jordan;;nur Jordan
NO_MATCH;Rambo;;140;Farbe 140;TEPRAMBOFL_140;;;ja;nein;ja;ja;jordan;;nur Jordan
NO_MATCH;Rambo;;210;Farbe 210;TEPRAMBOFL_210;;;ja;nein;ja;ja;jordan;;nur Jordan
NO_MATCH;Rambo;;283;Farbe 283;TEPRAMBOFL_283;;;ja;nein;ja;ja;jordan;;nur Jordan
NO_MATCH;Rambo;;322;Farbe 322;TEPRAMBOFL_322;;;ja;nein;ja;ja;jordan;;nur Jordan
NO_MATCH;Rambo;;329;Farbe 329;TEPRAMBOFL_329;;;ja;nein;ja;ja;jordan;;nur Jordan
NO_MATCH;Rambo;;353;Farbe 353;TEPRAMBOFL_353;;;ja;nein;ja;ja;jordan;;nur Jordan
NO_MATCH;Rambo;;504;Farbe 504;TEPRAMBOFL_504;;;ja;nein;ja;ja;jordan;;nur Jordan
NO_MATCH;Rambo;;553;Farbe 553;TEPRAMBOFL_553;;;ja;nein;ja;ja;jordan;;nur Jordan
NO_MATCH;Rambo;;573;Farbe 573;TEPRAMBOFL_573;;;ja;nein;ja;ja;jordan;;nur Jordan
NO_MATCH;Rambo;;608;Farbe 608;TEPRAMBOFL_608;;;ja;nein;ja;ja;jordan;;nur Jordan
NO_MATCH;Rambo;;625;Farbe 625;TEPRAMBOFL_625;;;ja;nein;ja;ja;jordan;;nur Jordan
NO_MATCH;Rambo;;668;Farbe 668;TEPRAMBOFL_668;;;ja;nein;ja;ja;jordan;;nur Jordan
NO_MATCH;Rambo;;804;Farbe 804;TEPRAMBOFL_804;;;ja;nein;ja;ja;jordan;;nur Jordan
NO_MATCH;Rambo;;810;Farbe 810;TEPRAMBOFL_810;;;ja;nein;ja;ja;jordan;;nur Jordan
NO_MATCH;Rambo;;817;Farbe 817;TEPRAMBOFL_817;;;ja;nein;ja;ja;jordan;;nur Jordan
NO_MATCH;Rambo;;820;Farbe 820;TEPRAMBOFL_820;;;ja;nein;ja;ja;jordan;;nur Jordan
NO_MATCH;Rambo;;826;Farbe 826;TEPRAMBOFL_826;;;ja;nein;ja;ja;jordan;;nur Jordan
NO_MATCH;Rambo;;907;Farbe 907;TEPRAMBOFL_907;;;ja;nein;ja;ja;jordan;;nur Jordan
NO_MATCH;Rambo;;957;Farbe 957;TEPRAMBOFL_957;;;ja;nein;ja;ja;jordan;;nur Jordan
NO_MATCH;Rambo;;961;Farbe 961;TEPRAMBOFL_961;;;ja;nein;ja;ja;jordan;;nur Jordan
NO_MATCH;Rambo;;983;Farbe 983;TEPRAMBOFL_983;;;ja;nein;ja;ja;jordan;;nur Jordan
NO_MATCH;Rambo;;989;Farbe 989;TEPRAMBOFL_989;;;ja;nein;ja;ja;jordan;;nur Jordan
NO_MATCH;Rambo;;990;Farbe 990;TEPRAMBOFL_990;;;ja;nein;ja;ja;jordan;;nur Jordan
NO_MATCH;Rambo;;995;Farbe 995;TEPRAMBOFL_995;;;ja;nein;ja;ja;jordan;;nur Jordan
NO_MATCH;Central Fliese;;0;0,500x  50,0;TEPCENTRFL;;;ja;nein;ja;ja;jordan;;nur Jordan
NO_MATCH;Central Fliese;;72;Farbe 072;TEPCENTRFL_072;;;ja;nein;ja;ja;jordan;;nur Jordan
NO_MATCH;Central Fliese;;77;Farbe 077;TEPCENTRFL_077;;;ja;nein;ja;ja;jordan;;nur Jordan
NO_MATCH;Central Fliese;;78;Farbe 078;TEPCENTRFL_078;;;ja;nein;ja;ja;jordan;;nur Jordan
NO_MATCH;Central Fliese;;93;Farbe 093;TEPCENTRFL_093;;;ja;nein;ja;ja;jordan;;nur Jordan
NO_MATCH;Central Fliese;;378;Farbe 378;TEPCENTRFL_378;;;ja;nein;ja;ja;jordan;;nur Jordan
NO_MATCH;Pathos Fliese;;0;0,500x  50,0;TEPPATHOFL;;;ja;nein;ja;ja;jordan;;nur Jordan
NO_MATCH;Pathos Fliese;;50;Farbe 50;TEPPATHOFL_050;;;ja;nein;ja;ja;jordan;;nur Jordan
NO_MATCH;Pathos Fliese;;73;Farbe 73;TEPPATHOFL_073;;;ja;nein;ja;ja;jordan;;nur Jordan
NO_MATCH;Pathos Fliese;;76;Farbe 76;TEPPATHOFL_076;;;ja;nein;ja;ja;jordan;;nur Jordan
NO_MATCH;Pathos Fliese;;78;Farbe 78;TEPPATHOFL_078;;;ja;nein;ja;ja;jordan;;nur Jordan
NO_MATCH;Pathos Fliese;;90;Farbe 90;TEPPATHOFL_090;;;ja;nein;ja;ja;jordan;;nur Jordan
NO_MATCH;Pathos Fliese;;92;Farbe 92;TEPPATHOFL_092;;;ja;nein;ja;ja;jordan;;nur Jordan
NO_MATCH;Pathos Fliese;;173;Farbe 173;TEPPATHOFL_173;;;ja;nein;ja;ja;jordan;;nur Jordan
NO_MATCH;Pathos Fliese;;181;Farbe 181;TEPPATHOFL_181;;;ja;nein;ja;ja;jordan;;nur Jordan
MATCH_POSSIBLE;Rapid Fliese;MPlus Extrem Tiles 2029 2157-020 50x50cm 5,00 qm/Pck;0;0,500x  50,0;TEPRAPIDFL;;;ja;nein;ja;ja;jordan;;nur Jordan
MATCH_POSSIBLE;Rapid Fliese;MPlus Extrem Tiles 2029 2157-020 50x50cm 5,00 qm/Pck;20;Farbe 20;TEPRAPIDFL_20;20 Rot Dunkel;2052-000831;ja;ja;ja;ja;jordan;mplus;
MATCH_POSSIBLE;Rapid Fliese;MPlus Extrem Tiles 2029 2157-020 50x50cm 5,00 qm/Pck;41;;;41 Grün Dunkel;2052-000832;nein;ja;nein;nein;mplus;;nur M-Plus - kein Wunschmass/Kettelservice annehmen
MATCH_POSSIBLE;Rapid Fliese;MPlus Extrem Tiles 2029 2157-020 50x50cm 5,00 qm/Pck;72;;;72 Beige Mittel;2052-000833;nein;ja;nein;nein;mplus;;nur M-Plus - kein Wunschmass/Kettelservice annehmen
MATCH_POSSIBLE;Rapid Fliese;MPlus Extrem Tiles 2029 2157-020 50x50cm 5,00 qm/Pck;75;;;75 Grau Hell;2052-000834;nein;ja;nein;nein;mplus;;nur M-Plus - kein Wunschmass/Kettelservice annehmen
MATCH_POSSIBLE;Rapid Fliese;MPlus Extrem Tiles 2029 2157-020 50x50cm 5,00 qm/Pck;76;;;76 Grau Dunkel;2052-000835;nein;ja;nein;nein;mplus;;nur M-Plus - kein Wunschmass/Kettelservice annehmen
MATCH_POSSIBLE;Rapid Fliese;MPlus Extrem Tiles 2029 2157-020 50x50cm 5,00 qm/Pck;78;;;78 Schwarz Hell;2052-000836;nein;ja;nein;nein;mplus;;nur M-Plus - kein Wunschmass/Kettelservice annehmen
MATCH_POSSIBLE;Rapid Fliese;MPlus Extrem Tiles 2029 2157-020 50x50cm 5,00 qm/Pck;82;;;82 Blau Hell;2052-000837;nein;ja;nein;nein;mplus;;nur M-Plus - kein Wunschmass/Kettelservice annehmen
MATCH_POSSIBLE;Rapid Fliese;MPlus Extrem Tiles 2029 2157-020 50x50cm 5,00 qm/Pck;83;;;83 Blau Dunkel;2052-000838;nein;ja;nein;nein;mplus;;nur M-Plus - kein Wunschmass/Kettelservice annehmen
MATCH_POSSIBLE;Rapid Fliese;MPlus Extrem Tiles 2029 2157-020 50x50cm 5,00 qm/Pck;285;Farbe 285;TEPRAPIDFL_285;;;ja;nein;ja;ja;jordan;;nur Jordan
MATCH_POSSIBLE;Rapid Fliese;MPlus Extrem Tiles 2029 2157-020 50x50cm 5,00 qm/Pck;527;Farbe 527;TEPRAPIDFL_527;;;ja;nein;ja;ja;jordan;;nur Jordan
MATCH_POSSIBLE;Rapid Fliese;MPlus Extrem Tiles 2029 2157-020 50x50cm 5,00 qm/Pck;529;Farbe 529;TEPRAPIDFL_529;;;ja;nein;ja;ja;jordan;;nur Jordan
MATCH_POSSIBLE;Rapid Fliese;MPlus Extrem Tiles 2029 2157-020 50x50cm 5,00 qm/Pck;576;Farbe 576;TEPRAPIDFL_576;;;ja;nein;ja;ja;jordan;;nur Jordan
MATCH_POSSIBLE;Rapid Fliese;MPlus Extrem Tiles 2029 2157-020 50x50cm 5,00 qm/Pck;578;Farbe 578;TEPRAPIDFL_578;;;ja;nein;ja;ja;jordan;;nur Jordan
MATCH_POSSIBLE;Rapid Fliese;MPlus Extrem Tiles 2029 2157-020 50x50cm 5,00 qm/Pck;582;Farbe 582;TEPRAPIDFL_582;;;ja;nein;ja;ja;jordan;;nur Jordan
NO_MATCH;Diego;;0;0,500x  50,0;TEPDIEGOFL;;;ja;nein;ja;ja;jordan;;nur Jordan
NO_MATCH;Diego;;105;Farbe 105;TEPDIEGOFL_105;;;ja;nein;ja;ja;jordan;;nur Jordan
NO_MATCH;Diego;;110;Farbe 110;TEPDIEGOFL_110;;;ja;nein;ja;ja;jordan;;nur Jordan
NO_MATCH;Diego;;115;Farbe 115;TEPDIEGOFL_115;;;ja;nein;ja;ja;jordan;;nur Jordan
NO_MATCH;Diego;;120;Farbe 120;TEPDIEGOFL_120;;;ja;nein;ja;ja;jordan;;nur Jordan
NO_MATCH;Diego;;205;Farbe 205;TEPDIEGOFL_205;;;ja;nein;ja;ja;jordan;;nur Jordan
NO_MATCH;Diego;;210;Farbe 210;TEPDIEGOFL_210;;;ja;nein;ja;ja;jordan;;nur Jordan
NO_MATCH;Diego;;305;Farbe 305;TEPDIEGOFL_305;;;ja;nein;ja;ja;jordan;;nur Jordan
NO_MATCH;Diego;;505;Farbe 505;TEPDIEGOFL_505;;;ja;nein;ja;ja;jordan;;nur Jordan
NO_MATCH;Diego;;510;Farbe 510;TEPDIEGOFL_510;;;ja;nein;ja;ja;jordan;;nur Jordan
NO_MATCH;Diego;;515;Farbe 515;TEPDIEGOFL_515;;;ja;nein;ja;ja;jordan;;nur Jordan
NO_MATCH;Diego;;520;Farbe 520;TEPDIEGOFL_520;;;ja;nein;ja;ja;jordan;;nur Jordan
NO_MATCH;Diego;;525;Farbe 525;TEPDIEGOFL_525;;;ja;nein;ja;ja;jordan;;nur Jordan
NO_MATCH;Diego;;605;Farbe 605;TEPDIEGOFL_605;;;ja;nein;ja;ja;jordan;;nur Jordan
NO_MATCH;Diego;;610;Farbe 610;TEPDIEGOFL_610;;;ja;nein;ja;ja;jordan;;nur Jordan
NO_MATCH;Diego;;615;Farbe 615;TEPDIEGOFL_615;;;ja;nein;ja;ja;jordan;;nur Jordan
NO_MATCH;Diego;;810;Farbe 810;TEPDIEGOFL_810;;;ja;nein;ja;ja;jordan;;nur Jordan
NO_MATCH;Diego;;905;Farbe 905;TEPDIEGOFL_905;;;ja;nein;ja;ja;jordan;;nur Jordan
NO_MATCH;Diego;;910;Farbe 910;TEPDIEGOFL_910;;;ja;nein;ja;ja;jordan;;nur Jordan
NO_MATCH;Diego;;915;Farbe 915;TEPDIEGOFL_915;;;ja;nein;ja;ja;jordan;;nur Jordan
NO_MATCH;Diego;;920;Farbe 920;TEPDIEGOFL_920;;;ja;nein;ja;ja;jordan;;nur Jordan
NO_MATCH;Diego;;925;Farbe 925;TEPDIEGOFL_925;;;ja;nein;ja;ja;jordan;;nur Jordan
NO_MATCH;Diego;;930;Farbe 930;TEPDIEGOFL_930;;;ja;nein;ja;ja;jordan;;nur Jordan
NO_MATCH;Diego;;935;Farbe 935;TEPDIEGOFL_935;;;ja;nein;ja;ja;jordan;;nur Jordan
NO_MATCH;Diego;;940;Farbe 940;TEPDIEGOFL_940;;;ja;nein;ja;ja;jordan;;nur Jordan
NO_MATCH;Diego;;945;Farbe 945;TEPDIEGOFL_945;;;ja;nein;ja;ja;jordan;;nur Jordan
NO_MATCH;Cosy Fliese;;0;0,500x  50,0;TEPCOSY1FL;;;ja;nein;ja;ja;jordan;;nur Jordan
NO_MATCH;Cosy Fliese;;74;Farbe 74;TEPCOSY1FL_74;;;ja;nein;ja;ja;jordan;;nur Jordan
NO_MATCH;Cosy Fliese;;75;Farbe 75;TEPCOSY1FL_75;;;ja;nein;ja;ja;jordan;;nur Jordan
NO_MATCH;Cosy Fliese;;77;Farbe 77;TEPCOSY1FL_77;;;ja;nein;ja;ja;jordan;;nur Jordan
NO_MATCH;Cosy Fliese;;78;Farbe 78;TEPCOSY1FL_78;;;ja;nein;ja;ja;jordan;;nur Jordan
NO_MATCH;Cosy Fliese;;80;Farbe 80;TEPCOSY1FL_80;;;ja;nein;ja;ja;jordan;;nur Jordan
MATCH_POSSIBLE;Idea Fliese;MPlus Avantiles 2026 Tile 214-74 50 x 50 cm 5,00qm/Pck;0;0,500x  50,0;TEPIDEA1FL;;;ja;nein;ja;ja;jordan;;nur Jordan
MATCH_POSSIBLE;Idea Fliese;MPlus Avantiles 2026 Tile 214-74 50 x 50 cm 5,00qm/Pck;73;Farbe 73;TEPIDEA1FL_73;;;ja;nein;ja;ja;jordan;;nur Jordan
MATCH_POSSIBLE;Idea Fliese;MPlus Avantiles 2026 Tile 214-74 50 x 50 cm 5,00qm/Pck;74;;;214-74 Grau Mittel;2052-000787;nein;ja;nein;nein;mplus;;nur M-Plus - kein Wunschmass/Kettelservice annehmen
MATCH_POSSIBLE;Idea Fliese;MPlus Avantiles 2026 Tile 214-74 50 x 50 cm 5,00qm/Pck;75;;;214-75 Grau Dunkel;2052-000788;nein;ja;nein;nein;mplus;;nur M-Plus - kein Wunschmass/Kettelservice annehmen
MATCH_POSSIBLE;Idea Fliese;MPlus Avantiles 2026 Tile 214-74 50 x 50 cm 5,00qm/Pck;76;Farbe 76;TEPIDEA1FL_76;214-76 Grau Dunkel;2052-000789;ja;ja;ja;ja;jordan;mplus;
MATCH_POSSIBLE;Idea Fliese;MPlus Avantiles 2026 Tile 214-74 50 x 50 cm 5,00qm/Pck;77;Farbe 77;TEPIDEA1FL_77;214-77 Schwarz Dunkel;2052-000790;ja;ja;ja;ja;jordan;mplus;
MATCH_POSSIBLE;Idea Fliese;MPlus Avantiles 2026 Tile 214-74 50 x 50 cm 5,00qm/Pck;78;Farbe 78;TEPIDEA1FL_78;214-78 Schwarz Dunkel;2052-000791;ja;ja;ja;ja;jordan;mplus;
MATCH_POSSIBLE;Idea Fliese;MPlus Avantiles 2026 Tile 214-74 50 x 50 cm 5,00qm/Pck;80;;;214-80 Beige Mittel;2052-000792;nein;ja;nein;nein;mplus;;nur M-Plus - kein Wunschmass/Kettelservice annehmen
MATCH_POSSIBLE;Idea Fliese;MPlus Avantiles 2026 Tile 214-74 50 x 50 cm 5,00qm/Pck;90;;;214-90 Blau Mittel;2052-000793;nein;ja;nein;nein;mplus;;nur M-Plus - kein Wunschmass/Kettelservice annehmen
MATCH_POSSIBLE;Idea Fliese;MPlus Avantiles 2026 Tile 214-74 50 x 50 cm 5,00qm/Pck;177;;;214-177 Grau Dunkel;2052-000794;nein;ja;nein;nein;mplus;;nur M-Plus - kein Wunschmass/Kettelservice annehmen
NO_MATCH;Keno;;0;0,500x  50,0;TEPKENOFL;;;ja;nein;ja;ja;jordan;;nur Jordan
NO_MATCH;Keno;;111;Farbe 111;TEPKENOFL_111;;;ja;nein;ja;ja;jordan;;nur Jordan
NO_MATCH;Keno;;123;Farbe 123;TEPKENOFL_123;;;ja;nein;ja;ja;jordan;;nur Jordan
NO_MATCH;Keno;;124;Farbe 124;TEPKENOFL_124;;;ja;nein;ja;ja;jordan;;nur Jordan
NO_MATCH;Keno;;125;Farbe 125;TEPKENOFL_125;;;ja;nein;ja;ja;jordan;;nur Jordan
NO_MATCH;Keno;;130;Farbe 130;TEPKENOFL_130;;;ja;nein;ja;ja;jordan;;nur Jordan
NO_MATCH;Keno;;135;Farbe 135;TEPKENOFL_135;;;ja;nein;ja;ja;jordan;;nur Jordan
NO_MATCH;Keno;;218;Farbe 218;TEPKENOFL_218;;;ja;nein;ja;ja;jordan;;nur Jordan
NO_MATCH;Keno;;410;Farbe 410;TEPKENOFL_410;;;ja;nein;ja;ja;jordan;;nur Jordan
NO_MATCH;Keno;;522;Farbe 522;TEPKENOFL_522;;;ja;nein;ja;ja;jordan;;nur Jordan
NO_MATCH;Keno;;530;Farbe 530;TEPKENOFL_530;;;ja;nein;ja;ja;jordan;;nur Jordan
NO_MATCH;Keno;;617;Farbe 617;TEPKENOFL_617;;;ja;nein;ja;ja;jordan;;nur Jordan
NO_MATCH;Keno;;812;Farbe 812;TEPKENOFL_812;;;ja;nein;ja;ja;jordan;;nur Jordan
NO_MATCH;Keno;;907;Farbe 907;TEPKENOFL_907;;;ja;nein;ja;ja;jordan;;nur Jordan
NO_MATCH;Keno;;911;Farbe 911;TEPKENOFL_911;;;ja;nein;ja;ja;jordan;;nur Jordan
NO_MATCH;Keno;;921;Farbe 921;TEPKENOFL_921;;;ja;nein;ja;ja;jordan;;nur Jordan
NO_MATCH;Keno;;937;Farbe 937;TEPKENOFL_937;;;ja;nein;ja;ja;jordan;;nur Jordan
NO_MATCH;Keno;;942;Farbe 942;TEPKENOFL_942;;;ja;nein;ja;ja;jordan;;nur Jordan
NO_MATCH;Keno;;946;Farbe 946;TEPKENOFL_946;;;ja;nein;ja;ja;jordan;;nur Jordan
NO_MATCH;Silas;;0;0,500x  50,0;TEPSILASFL;;;ja;nein;ja;ja;jordan;;nur Jordan
NO_MATCH;Silas;;140;Farbe 140;TEPSILASFL_140;;;ja;nein;ja;ja;jordan;;nur Jordan
NO_MATCH;Silas;;145;Farbe 145;TEPSILASFL_145;;;ja;nein;ja;ja;jordan;;nur Jordan
NO_MATCH;Silas;;150;Farbe 150;TEPSILASFL_150;;;ja;nein;ja;ja;jordan;;nur Jordan
NO_MATCH;Silas;;220;Farbe 220;TEPSILASFL_220;;;ja;nein;ja;ja;jordan;;nur Jordan
NO_MATCH;Silas;;225;Farbe 225;TEPSILASFL_225;;;ja;nein;ja;ja;jordan;;nur Jordan
NO_MATCH;Silas;;230;Farbe 230;TEPSILASFL_230;;;ja;nein;ja;ja;jordan;;nur Jordan
NO_MATCH;Silas;;310;Farbe 310;TEPSILASFL_310;;;ja;nein;ja;ja;jordan;;nur Jordan
NO_MATCH;Silas;;415;Farbe 415;TEPSILASFL_415;;;ja;nein;ja;ja;jordan;;nur Jordan
NO_MATCH;Silas;;535;Farbe 535;TEPSILASFL_535;;;ja;nein;ja;ja;jordan;;nur Jordan
NO_MATCH;Silas;;540;Farbe 540;TEPSILASFL_540;;;ja;nein;ja;ja;jordan;;nur Jordan
NO_MATCH;Silas;;625;Farbe 625;TEPSILASFL_625;;;ja;nein;ja;ja;jordan;;nur Jordan
NO_MATCH;Silas;;815;Farbe 815;TEPSILASFL_815;;;ja;nein;ja;ja;jordan;;nur Jordan
NO_MATCH;Silas;;820;Farbe 820;TEPSILASFL_820;;;ja;nein;ja;ja;jordan;;nur Jordan
NO_MATCH;Silas;;935;Farbe 935;TEPSILASFL_935;;;ja;nein;ja;ja;jordan;;nur Jordan
NO_MATCH;Silas;;955;Farbe 955;TEPSILASFL_955;;;ja;nein;ja;ja;jordan;;nur Jordan
NO_MATCH;Silas;;960;Farbe 960;TEPSILASFL_960;;;ja;nein;ja;ja;jordan;;nur Jordan
NO_MATCH;Silas;;965;Farbe 965;TEPSILASFL_965;;;ja;nein;ja;ja;jordan;;nur Jordan
NO_MATCH;Silas;;970;Farbe 970;TEPSILASFL_970;;;ja;nein;ja;ja;jordan;;nur Jordan
NO_MATCH;Polar;;0;1,000x  25,0;TEPPOLARPL;;;ja;nein;ja;ja;jordan;;nur Jordan
NO_MATCH;Polar;;135;Farbe 135;TEPPOLARPL_135;;;ja;nein;ja;ja;jordan;;nur Jordan
NO_MATCH;Polar;;340;Farbe 340;TEPPOLARPL_340;;;ja;nein;ja;ja;jordan;;nur Jordan
NO_MATCH;Polar;;345;Farbe 345;TEPPOLARPL_345;;;ja;nein;ja;ja;jordan;;nur Jordan
NO_MATCH;Polar;;350;Farbe 350;TEPPOLARPL_350;;;ja;nein;ja;ja;jordan;;nur Jordan
NO_MATCH;Polar;;355;Farbe 355;TEPPOLARPL_355;;;ja;nein;ja;ja;jordan;;nur Jordan
NO_MATCH;Polar;;440;Farbe 440;TEPPOLARPL_440;;;ja;nein;ja;ja;jordan;;nur Jordan
NO_MATCH;Polar;;530;Farbe 530;TEPPOLARPL_530;;;ja;nein;ja;ja;jordan;;nur Jordan
NO_MATCH;Polar;;535;Farbe 535;TEPPOLARPL_535;;;ja;nein;ja;ja;jordan;;nur Jordan
NO_MATCH;Polar;;540;Farbe 540;TEPPOLARPL_540;;;ja;nein;ja;ja;jordan;;nur Jordan
NO_MATCH;Polar;;543;Farbe 543;TEPPOLARPL_543;;;ja;nein;ja;ja;jordan;;nur Jordan
NO_MATCH;Polar;;544;Farbe 544;TEPPOLARPL_544;;;ja;nein;ja;ja;jordan;;nur Jordan
NO_MATCH;Polar;;545;Farbe 545;TEPPOLARPL_545;;;ja;nein;ja;ja;jordan;;nur Jordan
NO_MATCH;Polar;;553;Farbe 553;TEPPOLARPL_553;;;ja;nein;ja;ja;jordan;;nur Jordan
NO_MATCH;Polar;;555;Farbe 555;TEPPOLARPL_555;;;ja;nein;ja;ja;jordan;;nur Jordan
NO_MATCH;Polar;;580;Farbe 580;TEPPOLARPL_580;;;ja;nein;ja;ja;jordan;;nur Jordan
NO_MATCH;Polar;;585;Farbe 585;TEPPOLARPL_585;;;ja;nein;ja;ja;jordan;;nur Jordan
NO_MATCH;Polar;;750;Farbe 750;TEPPOLARPL_750;;;ja;nein;ja;ja;jordan;;nur Jordan
NO_MATCH;Polar;;835;Farbe 835;TEPPOLARPL_835;;;ja;nein;ja;ja;jordan;;nur Jordan
NO_MATCH;Polar;;843;Farbe 843;TEPPOLARPL_843;;;ja;nein;ja;ja;jordan;;nur Jordan
NO_MATCH;Polar;;845;Farbe 845;TEPPOLARPL_845;;;ja;nein;ja;ja;jordan;;nur Jordan
NO_MATCH;Polar;;850;Farbe 850;TEPPOLARPL_850;;;ja;nein;ja;ja;jordan;;nur Jordan
NO_MATCH;Polar;;855;Farbe 855;TEPPOLARPL_855;;;ja;nein;ja;ja;jordan;;nur Jordan
NO_MATCH;Karma;;7;0,910x  45,7;TEPKARMAPL;;;ja;nein;ja;ja;jordan;;nur Jordan
NO_MATCH;Karma;;119;Farbe 119;TEPKARMAPL_119;;;ja;nein;ja;ja;jordan;;nur Jordan
NO_MATCH;Karma;;218;Farbe 218;TEPKARMAPL_218;;;ja;nein;ja;ja;jordan;;nur Jordan
NO_MATCH;Karma;;321;Farbe 321;TEPKARMAPL_321;;;ja;nein;ja;ja;jordan;;nur Jordan
NO_MATCH;Karma;;322;Farbe 322;TEPKARMAPL_322;;;ja;nein;ja;ja;jordan;;nur Jordan
NO_MATCH;Karma;;323;Farbe 323;TEPKARMAPL_323;;;ja;nein;ja;ja;jordan;;nur Jordan
NO_MATCH;Karma;;415;Farbe 415;TEPKARMAPL_415;;;ja;nein;ja;ja;jordan;;nur Jordan
NO_MATCH;Karma;;416;Farbe 416;TEPKARMAPL_416;;;ja;nein;ja;ja;jordan;;nur Jordan
NO_MATCH;Karma;;417;Farbe 417;TEPKARMAPL_417;;;ja;nein;ja;ja;jordan;;nur Jordan
NO_MATCH;Karma;;500;Farbe 500;TEPKARMAPL_500;;;ja;nein;ja;ja;jordan;;nur Jordan
NO_MATCH;Karma;;501;Farbe 501;TEPKARMAPL_501;;;ja;nein;ja;ja;jordan;;nur Jordan
NO_MATCH;Karma;;597;Farbe 597;TEPKARMAPL_597;;;ja;nein;ja;ja;jordan;;nur Jordan
NO_MATCH;Karma;;599;Farbe 599;TEPKARMAPL_599;;;ja;nein;ja;ja;jordan;;nur Jordan
NO_MATCH;Karma;;709;Farbe 709;TEPKARMAPL_709;;;ja;nein;ja;ja;jordan;;nur Jordan
NO_MATCH;Karma;;710;Farbe 710;TEPKARMAPL_710;;;ja;nein;ja;ja;jordan;;nur Jordan
NO_MATCH;Karma;;711;Farbe 711;TEPKARMAPL_711;;;ja;nein;ja;ja;jordan;;nur Jordan
NO_MATCH;Karma;;712;Farbe 712;TEPKARMAPL_712;;;ja;nein;ja;ja;jordan;;nur Jordan
NO_MATCH;Karma;;805;Farbe 805;TEPKARMAPL_805;;;ja;nein;ja;ja;jordan;;nur Jordan
NO_MATCH;Karma;;806;Farbe 806;TEPKARMAPL_806;;;ja;nein;ja;ja;jordan;;nur Jordan
NO_MATCH;Karma;;807;Farbe 807;TEPKARMAPL_807;;;ja;nein;ja;ja;jordan;;nur Jordan
NO_MATCH;Karma;;808;Farbe 808;TEPKARMAPL_808;;;ja;nein;ja;ja;jordan;;nur Jordan
NO_MATCH;Karma;;902;Farbe 902;TEPKARMAPL_902;;;ja;nein;ja;ja;jordan;;nur Jordan
NO_MATCH;Karma;;903;Farbe 903;TEPKARMAPL_903;;;ja;nein;ja;ja;jordan;;nur Jordan
MATCH_PROBABLE;Secrets;MPlus Akzente 2029 2403-22 TR 400 cm;0;x 400,0;TEPSECRE4,TEPSECRE5;;;ja;nein;ja;ja;jordan;;nur Jordan
MATCH_PROBABLE;Secrets;MPlus Akzente 2029 2403-22 TR 400 cm;22;Farbe 22;TEPSECRE4_022,TEPSECRE5_022;22 Rot Mittel;2052-000872;ja;ja;ja;ja;jordan;mplus;
MATCH_PROBABLE;Secrets;MPlus Akzente 2029 2403-22 TR 400 cm;70;Farbe 70;TEPSECRE4_070,TEPSECRE5_070;70 Weiß Mittel;2052-000873;ja;ja;ja;ja;jordan;mplus;
MATCH_PROBABLE;Secrets;MPlus Akzente 2029 2403-22 TR 400 cm;72;Farbe 72;TEPSECRE4_072,TEPSECRE5_072;72 Braun Hell;2052-000874;ja;ja;ja;ja;jordan;mplus;
MATCH_PROBABLE;Secrets;MPlus Akzente 2029 2403-22 TR 400 cm;75;Farbe 75;TEPSECRE4_075,TEPSECRE5_075;75 Grau Hell;2052-000875;ja;ja;ja;ja;jordan;mplus;
MATCH_PROBABLE;Secrets;MPlus Akzente 2029 2403-22 TR 400 cm;76;Farbe 76;TEPSECRE4_076,TEPSECRE5_076;76 Grau Mittel;2052-000876;ja;ja;ja;ja;jordan;mplus;
MATCH_PROBABLE;Secrets;MPlus Akzente 2029 2403-22 TR 400 cm;77;Farbe 77;TEPSECRE4_077,TEPSECRE5_077;;;ja;nein;ja;ja;jordan;;nur Jordan
MATCH_PROBABLE;Secrets;MPlus Akzente 2029 2403-22 TR 400 cm;78;Farbe 78;TEPSECRE4_078,TEPSECRE5_078;;;ja;nein;ja;ja;jordan;;nur Jordan
MATCH_PROBABLE;Secrets;MPlus Akzente 2029 2403-22 TR 400 cm;79;Farbe 79;TEPSECRE4_079,TEPSECRE5_079;;;ja;nein;ja;ja;jordan;;nur Jordan
MATCH_PROBABLE;Secrets;MPlus Akzente 2029 2403-22 TR 400 cm;80;Farbe 80;TEPSECRE4_080,TEPSECRE5_080;;;ja;nein;ja;ja;jordan;;nur Jordan
MATCH_PROBABLE;Secrets;MPlus Akzente 2029 2403-22 TR 400 cm;83;Farbe 83;TEPSECRE4_083,TEPSECRE5_083;;;ja;nein;ja;ja;jordan;;nur Jordan
MATCH_PROBABLE;Secrets;MPlus Akzente 2029 2403-22 TR 400 cm;86;Farbe 86;TEPSECRE4_086,TEPSECRE5_086;;;ja;nein;ja;ja;jordan;;nur Jordan
MATCH_PROBABLE;Secrets;MPlus Akzente 2029 2403-22 TR 400 cm;90;Farbe 90;TEPSECRE4_090,TEPSECRE5_090;90 Beige Mittel;2052-000877;ja;ja;ja;ja;jordan;mplus;
MATCH_PROBABLE;Secrets;MPlus Akzente 2029 2403-22 TR 400 cm;92;Farbe 92;TEPSECRE4_092,TEPSECRE5_092;;;ja;nein;ja;ja;jordan;;nur Jordan
MATCH_PROBABLE;Secrets;MPlus Akzente 2029 2403-22 TR 400 cm;93;Farbe 93;TEPSECRE4_093,TEPSECRE5_093;;;ja;nein;ja;ja;jordan;;nur Jordan
MATCH_PROBABLE;Secrets;MPlus Akzente 2029 2403-22 TR 400 cm;94;Farbe 94;TEPSECRE4_094,TEPSECRE5_094;;;ja;nein;ja;ja;jordan;;nur Jordan
MATCH_PROBABLE;Secrets;MPlus Akzente 2029 2403-22 TR 400 cm;178;Farbe 178;TEPSECRE4_178,TEPSECRE5_178;178 Schwarz Mittel;2052-000878;ja;ja;ja;ja;jordan;mplus;
NO_MATCH;Varia;;0;x 400,0;TEPVARIA4;;;ja;nein;ja;ja;jordan;;nur Jordan
NO_MATCH;Varia;;71;Farbe 71;TEPVARIA4_071;;;ja;nein;ja;ja;jordan;;nur Jordan
NO_MATCH;Varia;;73;Farbe 73;TEPVARIA4_073;;;ja;nein;ja;ja;jordan;;nur Jordan
NO_MATCH;Varia;;74;Farbe 74;TEPVARIA4_074;;;ja;nein;ja;ja;jordan;;nur Jordan
NO_MATCH;Varia;;75;Farbe 75;TEPVARIA4_075;;;ja;nein;ja;ja;jordan;;nur Jordan
NO_MATCH;Varia;;76;Farbe 76;TEPVARIA4_076;;;ja;nein;ja;ja;jordan;;nur Jordan
NO_MATCH;Varia;;77;Farbe 77;TEPVARIA4_077;;;ja;nein;ja;ja;jordan;;nur Jordan
NO_MATCH;Varia;;176;Farbe 176;TEPVARIA4_176;;;ja;nein;ja;ja;jordan;;nur Jordan
NO_MATCH;Lobo;;0;x 400,0;TEPLOBO;;;ja;nein;ja;ja;jordan;;nur Jordan
NO_MATCH;Lobo;;991;Farbe 991;TEPLOBO_991;;;ja;nein;ja;ja;jordan;;nur Jordan
NO_MATCH;Lobo;;993;Farbe 993;TEPLOBO_993;;;ja;nein;ja;ja;jordan;;nur Jordan
NO_MATCH;Lobo;;995;Farbe 995;TEPLOBO_995;;;ja;nein;ja;ja;jordan;;nur Jordan
NO_MATCH;Gloria;;0;x 400,0;TEPGLORI4;;;ja;nein;ja;ja;jordan;;nur Jordan
NO_MATCH;Gloria;;5;Farbe 005;TEPGLORI4_005;;;ja;nein;ja;ja;jordan;;nur Jordan
NO_MATCH;Gloria;;180;Farbe 180;TEPGLORI4_180;;;ja;nein;ja;ja;jordan;;nur Jordan
NO_MATCH;Gloria;;190;Farbe 190;TEPGLORI4_190;;;ja;nein;ja;ja;jordan;;nur Jordan
NO_MATCH;Gloria;;570;Farbe 570;TEPGLORI4_570;;;ja;nein;ja;ja;jordan;;nur Jordan
NO_MATCH;Gloria;;590;Farbe 590;TEPGLORI4_590;;;ja;nein;ja;ja;jordan;;nur Jordan
NO_MATCH;Gloria;;610;Farbe 610;TEPGLORI4_610;;;ja;nein;ja;ja;jordan;;nur Jordan
NO_MATCH;Gloria;;620;Farbe 620;TEPGLORI4_620;;;ja;nein;ja;ja;jordan;;nur Jordan
NO_MATCH;Gloria;;640;Farbe 640;TEPGLORI4_640;;;ja;nein;ja;ja;jordan;;nur Jordan
NO_MATCH;Gloria;;720;Farbe 720;TEPGLORI4_720;;;ja;nein;ja;ja;jordan;;nur Jordan
NO_MATCH;Gloria;;750;Farbe 750;TEPGLORI4_750;;;ja;nein;ja;ja;jordan;;nur Jordan
NO_MATCH;Gloria;;770;Farbe 770;TEPGLORI4_770;;;ja;nein;ja;ja;jordan;;nur Jordan
NO_MATCH;Gloria;;790;Farbe 790;TEPGLORI4_790;;;ja;nein;ja;ja;jordan;;nur Jordan
NO_MATCH;Gloria;;890;Farbe 890;TEPGLORI4_890;;;ja;nein;ja;ja;jordan;;nur Jordan
NO_MATCH;Gloria;;905;Farbe 905;TEPGLORI4_905;;;ja;nein;ja;ja;jordan;;nur Jordan
NO_MATCH;Gloria;;920;Farbe 920;TEPGLORI4_920;;;ja;nein;ja;ja;jordan;;nur Jordan
NO_MATCH;Gloria;;930;Farbe 930;TEPGLORI4_930;;;ja;nein;ja;ja;jordan;;nur Jordan
NO_MATCH;Gloria;;955;Farbe 955;TEPGLORI4_955;;;ja;nein;ja;ja;jordan;;nur Jordan
NO_MATCH;Gloria;;960;Farbe 960;TEPGLORI4_960;;;ja;nein;ja;ja;jordan;;nur Jordan
NO_MATCH;Gloria;;980;Farbe 980;TEPGLORI4_980;;;ja;nein;ja;ja;jordan;;nur Jordan
NO_MATCH;Gloria;;990;Farbe 990;TEPGLORI4_990;;;ja;nein;ja;ja;jordan;;nur Jordan
NO_MATCH;Relation FL;;2;Paket a     4,00 m2;TEPRELAFL;;;ja;nein;ja;ja;jordan;;nur Jordan
NO_MATCH;Relation FL;;605;Farbe 605;TEPRELAFL_605;;;ja;nein;ja;ja;jordan;;nur Jordan
NO_MATCH;Relation FL;;750;Farbe 750;TEPRELAFL_750;;;ja;nein;ja;ja;jordan;;nur Jordan
NO_MATCH;Relation FL;;770;Farbe 770;TEPRELAFL_770;;;ja;nein;ja;ja;jordan;;nur Jordan
NO_MATCH;Relation FL;;910;Farbe 910;TEPRELAFL_910;;;ja;nein;ja;ja;jordan;;nur Jordan
NO_MATCH;Relation FL;;937;Farbe 937;TEPRELAFL_937;;;ja;nein;ja;ja;jordan;;nur Jordan
NO_MATCH;Relation FL;;940;Farbe 940;TEPRELAFL_940;;;ja;nein;ja;ja;jordan;;nur Jordan
NO_MATCH;Relation FL;;990;Farbe 990;TEPRELAFL_990;;;ja;nein;ja;ja;jordan;;nur Jordan
NO_MATCH;Grande;;0;x 400,0;TEPGRANDE;;;ja;nein;ja;ja;jordan;;nur Jordan
NO_MATCH;Grande;;185;Farbe 185;TEPGRANDE_185;;;ja;nein;ja;ja;jordan;;nur Jordan
NO_MATCH;Grande;;190;Farbe 190;TEPGRANDE_190;;;ja;nein;ja;ja;jordan;;nur Jordan
NO_MATCH;Grande;;253;Farbe 253;TEPGRANDE_253;;;ja;nein;ja;ja;jordan;;nur Jordan
NO_MATCH;Grande;;285;Farbe 285;TEPGRANDE_285;;;ja;nein;ja;ja;jordan;;nur Jordan
NO_MATCH;Grande;;381;Farbe 381;TEPGRANDE_381;;;ja;nein;ja;ja;jordan;;nur Jordan
NO_MATCH;Grande;;552;Farbe 552;TEPGRANDE_552;;;ja;nein;ja;ja;jordan;;nur Jordan
NO_MATCH;Grande;;555;Farbe 555;TEPGRANDE_555;;;ja;nein;ja;ja;jordan;;nur Jordan
NO_MATCH;Grande;;585;Farbe 585;TEPGRANDE_585;;;ja;nein;ja;ja;jordan;;nur Jordan
NO_MATCH;Grande;;656;Farbe 656;TEPGRANDE_656;;;ja;nein;ja;ja;jordan;;nur Jordan
NO_MATCH;Grande;;710;Farbe 710;TEPGRANDE_710;;;ja;nein;ja;ja;jordan;;nur Jordan
NO_MATCH;Grande;;730;Farbe 730;TEPGRANDE_730;;;ja;nein;ja;ja;jordan;;nur Jordan
NO_MATCH;Grande;;760;Farbe 760;TEPGRANDE_760;;;ja;nein;ja;ja;jordan;;nur Jordan
NO_MATCH;Grande;;955;Farbe 955;TEPGRANDE_955;;;ja;nein;ja;ja;jordan;;nur Jordan
NO_MATCH;Grande;;960;Farbe 960;TEPGRANDE_960;;;ja;nein;ja;ja;jordan;;nur Jordan
NO_MATCH;Join PL;;2;Paket a     3,00 m2;TEPJOINPL;;;ja;nein;ja;ja;jordan;;nur Jordan
NO_MATCH;Join PL;;600;Farbe 600;TEPJOINPL_600;;;ja;nein;ja;ja;jordan;;nur Jordan
NO_MATCH;Join PL;;910;Farbe 910;TEPJOINPL_910;;;ja;nein;ja;ja;jordan;;nur Jordan
NO_MATCH;Feel;;0;x 400,0;TEPFEEL04;;;ja;nein;ja;ja;jordan;;nur Jordan
NO_MATCH;Feel;;600;Farbe 600;TEPFEEL04_600;;;ja;nein;ja;ja;jordan;;nur Jordan
NO_MATCH;Amazing;;0;x 400,0;TEPAMAZ04;;;ja;nein;ja;ja;jordan;;nur Jordan
NO_MATCH;Amazing;;150;Farbe 150;TEPAMAZ04_150;;;ja;nein;ja;ja;jordan;;nur Jordan
NO_MATCH;Amazing;;190;Farbe 190;TEPAMAZ04_190;;;ja;nein;ja;ja;jordan;;nur Jordan
NO_MATCH;Amazing;;240;Farbe 240;TEPAMAZ04_240;;;ja;nein;ja;ja;jordan;;nur Jordan
NO_MATCH;Amazing;;420;Farbe 420;TEPAMAZ04_420;;;ja;nein;ja;ja;jordan;;nur Jordan
NO_MATCH;Amazing;;440;Farbe 440;TEPAMAZ04_440;;;ja;nein;ja;ja;jordan;;nur Jordan
NO_MATCH;Amazing;;610;Farbe 610;TEPAMAZ04_610;;;ja;nein;ja;ja;jordan;;nur Jordan
NO_MATCH;Amazing;;630;Farbe 630;TEPAMAZ04_630;;;ja;nein;ja;ja;jordan;;nur Jordan
NO_MATCH;Amazing;;730;Farbe 730;TEPAMAZ04_730;;;ja;nein;ja;ja;jordan;;nur Jordan
NO_MATCH;Amazing;;750;Farbe 750;TEPAMAZ04_750;;;ja;nein;ja;ja;jordan;;nur Jordan
NO_MATCH;Amazing;;760;Farbe 760;TEPAMAZ04_760;;;ja;nein;ja;ja;jordan;;nur Jordan
NO_MATCH;Amazing;;910;Farbe 910;TEPAMAZ04_910;;;ja;nein;ja;ja;jordan;;nur Jordan
NO_MATCH;Amazing;;915;Farbe 915;TEPAMAZ04_915;;;ja;nein;ja;ja;jordan;;nur Jordan
NO_MATCH;Amazing;;920;Farbe 920;TEPAMAZ04_920;;;ja;nein;ja;ja;jordan;;nur Jordan
NO_MATCH;Amazing;;940;Farbe 940;TEPAMAZ04_940;;;ja;nein;ja;ja;jordan;;nur Jordan
NO_MATCH;Amazing;;970;Farbe 970;TEPAMAZ04_970;;;ja;nein;ja;ja;jordan;;nur Jordan
NO_MATCH;Amazing;;980;Farbe 980;TEPAMAZ04_980;;;ja;nein;ja;ja;jordan;;nur Jordan
NO_MATCH;Royal;;0;x 400,0;TEPROYAL04;;;ja;nein;ja;ja;jordan;;nur Jordan
NO_MATCH;Royal;;100;Farbe 100;TEPROYAL04_100;;;ja;nein;ja;ja;jordan;;nur Jordan
NO_MATCH;Royal;;120;Farbe 120;TEPROYAL04_120;;;ja;nein;ja;ja;jordan;;nur Jordan
NO_MATCH;Royal;;200;Farbe 200;TEPROYAL04_200;;;ja;nein;ja;ja;jordan;;nur Jordan
NO_MATCH;Royal;;220;Farbe 220;TEPROYAL04_220;;;ja;nein;ja;ja;jordan;;nur Jordan
NO_MATCH;Impression;;0;x 400,0;TEPIMPR4;;;ja;nein;ja;ja;jordan;;nur Jordan
NO_MATCH;Impression;;600;Farbe 600;TEPIMPR4_600;;;ja;nein;ja;ja;jordan;;nur Jordan
NO_MATCH;Impression;;910;Farbe 910;TEPIMPR4_910;;;ja;nein;ja;ja;jordan;;nur Jordan
NO_MATCH;Mikado;;0;x 400,0;TEPMIKA04;;;ja;nein;ja;ja;jordan;;nur Jordan
NO_MATCH;Mikado;;71;Farbe 71;TEPMIKA04_071;;;ja;nein;ja;ja;jordan;;nur Jordan
NO_MATCH;Mikado;;73;Farbe 73;TEPMIKA04_073;;;ja;nein;ja;ja;jordan;;nur Jordan
NO_MATCH;Mikado;;74;Farbe 74;TEPMIKA04_074;;;ja;nein;ja;ja;jordan;;nur Jordan
NO_MATCH;Mikado;;75;Farbe 75;TEPMIKA04_075;;;ja;nein;ja;ja;jordan;;nur Jordan
NO_MATCH;Mikado;;76;Farbe 76;TEPMIKA04_076;;;ja;nein;ja;ja;jordan;;nur Jordan
NO_MATCH;Mikado;;77;Farbe 77;TEPMIKA04_077;;;ja;nein;ja;ja;jordan;;nur Jordan
NO_MATCH;Mikado;;176;Farbe 176;TEPMIKA04_176;;;ja;nein;ja;ja;jordan;;nur Jordan
NO_MATCH;Impression FL;;2;Paket a     4,00 m2;TEPIMPRFL;;;ja;nein;ja;ja;jordan;;nur Jordan
NO_MATCH;Impression FL;;600;Farbe 600;TEPIMPRFL_600;;;ja;nein;ja;ja;jordan;;nur Jordan
NO_MATCH;Impression FL;;910;Farbe 910;TEPIMPRFL_910;;;ja;nein;ja;ja;jordan;;nur Jordan
NO_MATCH;Gloria FL;;2;Paket a     4,00 m2;TEPGLORIFL;;;ja;nein;ja;ja;jordan;;nur Jordan
NO_MATCH;Gloria FL;;180;Farbe 180;TEPGLORIFL_180;;;ja;nein;ja;ja;jordan;;nur Jordan
NO_MATCH;Gloria FL;;190;Farbe 190;TEPGLORIFL_190;;;ja;nein;ja;ja;jordan;;nur Jordan
NO_MATCH;Gloria FL;;570;Farbe 570;TEPGLORIFL_570;;;ja;nein;ja;ja;jordan;;nur Jordan
NO_MATCH;Gloria FL;;640;Farbe 640;TEPGLORIFL_640;;;ja;nein;ja;ja;jordan;;nur Jordan
NO_MATCH;Gloria FL;;720;Farbe 720;TEPGLORIFL_720;;;ja;nein;ja;ja;jordan;;nur Jordan
NO_MATCH;Gloria FL;;750;Farbe 750;TEPGLORIFL_750;;;ja;nein;ja;ja;jordan;;nur Jordan
NO_MATCH;Gloria FL;;770;Farbe 770;TEPGLORIFL_770;;;ja;nein;ja;ja;jordan;;nur Jordan
NO_MATCH;Gloria FL;;790;Farbe 790;TEPGLORIFL_790;;;ja;nein;ja;ja;jordan;;nur Jordan
NO_MATCH;Gloria FL;;930;Farbe 930;TEPGLORIFL_930;;;ja;nein;ja;ja;jordan;;nur Jordan
NO_MATCH;Gloria FL;;960;Farbe 960;TEPGLORIFL_960;;;ja;nein;ja;ja;jordan;;nur Jordan
NO_MATCH;Gloria FL;;980;Farbe 980;TEPGLORIFL_980;;;ja;nein;ja;ja;jordan;;nur Jordan
NO_MATCH;Gloria FL;;990;Farbe 990;TEPGLORIFL_990;;;ja;nein;ja;ja;jordan;;nur Jordan
NO_MATCH;Join FL;;2;Paket a     4,00 m2;TEPJOINFL;;;ja;nein;ja;ja;jordan;;nur Jordan
NO_MATCH;Join FL;;600;Farbe 600;TEPJOINFL_600;;;ja;nein;ja;ja;jordan;;nur Jordan
NO_MATCH;Join FL;;910;Farbe 910;TEPJOINFL_910;;;ja;nein;ja;ja;jordan;;nur Jordan
NO_MATCH;Feel FL;;2;Paket a     4,00 m2;TEPFEELFL;;;ja;nein;ja;ja;jordan;;nur Jordan
NO_MATCH;Feel FL;;600;Farbe 600;TEPFEELFL_600;;;ja;nein;ja;ja;jordan;;nur Jordan
NO_MATCH;Boho Comfort;;0;x 400,0;TEPBOHOC4;;;ja;nein;ja;ja;jordan;;nur Jordan
NO_MATCH;Boho Comfort;;710;Farbe 710;TEPBOHOC4_710;;;ja;nein;ja;ja;jordan;;nur Jordan
NO_MATCH;Boho Comfort;;940;Farbe 940;TEPBOHOC4_940;;;ja;nein;ja;ja;jordan;;nur Jordan
NO_MATCH;Ambient Comfort;;0;x 400,0;TEPAMBIC4;;;ja;nein;ja;ja;jordan;;nur Jordan
NO_MATCH;Ambient Comfort;;180;Farbe 180;TEPAMBIC4_180;;;ja;nein;ja;ja;jordan;;nur Jordan
NO_MATCH;Ambient Comfort;;580;Farbe 580;TEPAMBIC4_580;;;ja;nein;ja;ja;jordan;;nur Jordan
NO_MATCH;Ambient Comfort;;610;Farbe 610;TEPAMBIC4_610;;;ja;nein;ja;ja;jordan;;nur Jordan
NO_MATCH;Ambient Comfort;;630;Farbe 630;TEPAMBIC4_630;;;ja;nein;ja;ja;jordan;;nur Jordan
NO_MATCH;Ambient Comfort;;720;Farbe 720;TEPAMBIC4_720;;;ja;nein;ja;ja;jordan;;nur Jordan
NO_MATCH;Ambient Comfort;;740;Farbe 740;TEPAMBIC4_740;;;ja;nein;ja;ja;jordan;;nur Jordan
NO_MATCH;Fancy Comfort;;0;x 400,0;TEPFANCYC4;;;ja;nein;ja;ja;jordan;;nur Jordan
NO_MATCH;Fancy Comfort;;120;Farbe 120;TEPFANCYC4_120;;;ja;nein;ja;ja;jordan;;nur Jordan
NO_MATCH;Fancy Comfort;;420;Farbe 420;TEPFANCYC4_420;;;ja;nein;ja;ja;jordan;;nur Jordan
NO_MATCH;Terzia PL;;2;Paket a     4,00 m2;TEPTERZPL;;;ja;nein;ja;ja;jordan;;nur Jordan
NO_MATCH;Terzia PL;;180;Farbe 180;TEPTERZPL_180;;;ja;nein;ja;ja;jordan;;nur Jordan
NO_MATCH;Terzia PL;;350;Farbe 350;TEPTERZPL_350;;;ja;nein;ja;ja;jordan;;nur Jordan
NO_MATCH;Terzia PL;;355;Farbe 355;TEPTERZPL_355;;;ja;nein;ja;ja;jordan;;nur Jordan
NO_MATCH;Terzia PL;;365;Farbe 365;TEPTERZPL_365;;;ja;nein;ja;ja;jordan;;nur Jordan
NO_MATCH;Terzia PL;;390;Farbe 390;TEPTERZPL_390;;;ja;nein;ja;ja;jordan;;nur Jordan
NO_MATCH;Terzia PL;;475;Farbe 475;TEPTERZPL_475;;;ja;nein;ja;ja;jordan;;nur Jordan
NO_MATCH;Terzia PL;;485;Farbe 485;TEPTERZPL_485;;;ja;nein;ja;ja;jordan;;nur Jordan
NO_MATCH;Terzia PL;;530;Farbe 530;TEPTERZPL_530;;;ja;nein;ja;ja;jordan;;nur Jordan
NO_MATCH;Terzia PL;;570;Farbe 570;TEPTERZPL_570;;;ja;nein;ja;ja;jordan;;nur Jordan
NO_MATCH;Terzia PL;;580;Farbe 580;TEPTERZPL_580;;;ja;nein;ja;ja;jordan;;nur Jordan
NO_MATCH;Terzia PL;;590;Farbe 590;TEPTERZPL_590;;;ja;nein;ja;ja;jordan;;nur Jordan
NO_MATCH;Terzia PL;;730;Farbe 730;TEPTERZPL_730;;;ja;nein;ja;ja;jordan;;nur Jordan
NO_MATCH;Terzia PL;;750;Farbe 750;TEPTERZPL_750;;;ja;nein;ja;ja;jordan;;nur Jordan
NO_MATCH;Terzia PL;;765;Farbe 765;TEPTERZPL_765;;;ja;nein;ja;ja;jordan;;nur Jordan
NO_MATCH;Terzia PL;;770;Farbe 770;TEPTERZPL_770;;;ja;nein;ja;ja;jordan;;nur Jordan
NO_MATCH;Terzia PL;;780;Farbe 780;TEPTERZPL_780;;;ja;nein;ja;ja;jordan;;nur Jordan
NO_MATCH;Savage FL;;2;Paket a     4,00 m2;TEPSAVAGFL;;;ja;nein;ja;ja;jordan;;nur Jordan
NO_MATCH;Savage FL;;630;Farbe 630;TEPSAVAGFL_630;;;ja;nein;ja;ja;jordan;;nur Jordan
NO_MATCH;Retro FL;;2;Paket a     4,00 m2;TEPRETROFL;;;ja;nein;ja;ja;jordan;;nur Jordan
NO_MATCH;Retro FL;;603;Farbe 603;TEPRETROFL_603;;;ja;nein;ja;ja;jordan;;nur Jordan
NO_MATCH;Sigma PL;;2;a     3,00 m2;TEPSIGMAPL;;;ja;nein;ja;ja;jordan;;nur Jordan
NO_MATCH;Sigma PL;;600;Farbe 600;TEPSIGMAPL_600;;;ja;nein;ja;ja;jordan;;nur Jordan
NO_MATCH;Sigma PL;;910;Farbe 910;TEPSIGMAPL_910;;;ja;nein;ja;ja;jordan;;nur Jordan
NO_MATCH;Travel PL;;2;Paket a     4,00 m2;TEPTRAVPL;;;ja;nein;ja;ja;jordan;;nur Jordan
NO_MATCH;Travel PL;;170;Farbe 170;TEPTRAVPL_170;;;ja;nein;ja;ja;jordan;;nur Jordan
NO_MATCH;Travel PL;;380;Farbe 380;TEPTRAVPL_380;;;ja;nein;ja;ja;jordan;;nur Jordan
NO_MATCH;Travel PL;;450;Farbe 450;TEPTRAVPL_450;;;ja;nein;ja;ja;jordan;;nur Jordan
NO_MATCH;Travel PL;;480;Farbe 480;TEPTRAVPL_480;;;ja;nein;ja;ja;jordan;;nur Jordan
NO_MATCH;Travel PL;;510;Farbe 510;TEPTRAVPL_510;;;ja;nein;ja;ja;jordan;;nur Jordan
NO_MATCH;Travel PL;;520;Farbe 520;TEPTRAVPL_520;;;ja;nein;ja;ja;jordan;;nur Jordan
NO_MATCH;Travel PL;;570;Farbe 570;TEPTRAVPL_570;;;ja;nein;ja;ja;jordan;;nur Jordan
NO_MATCH;Travel PL;;580;Farbe 580;TEPTRAVPL_580;;;ja;nein;ja;ja;jordan;;nur Jordan
NO_MATCH;Travel PL;;590;Farbe 590;TEPTRAVPL_590;;;ja;nein;ja;ja;jordan;;nur Jordan
NO_MATCH;Travel PL;;720;Farbe 720;TEPTRAVPL_720;;;ja;nein;ja;ja;jordan;;nur Jordan
NO_MATCH;Travel PL;;760;Farbe 760;TEPTRAVPL_760;;;ja;nein;ja;ja;jordan;;nur Jordan
NO_MATCH;Travel PL;;780;Farbe 780;TEPTRAVPL_780;;;ja;nein;ja;ja;jordan;;nur Jordan
NO_MATCH;Travel PL;;880;Farbe 880;TEPTRAVPL_880;;;ja;nein;ja;ja;jordan;;nur Jordan
NO_MATCH;Sigma FL;;2;a     4,00 m2;TEPSIGMAFL;;;ja;nein;ja;ja;jordan;;nur Jordan
NO_MATCH;Sigma FL;;600;Farbe 600;TEPSIGMAFL_600;;;ja;nein;ja;ja;jordan;;nur Jordan
NO_MATCH;Sigma FL;;910;Farbe 910;TEPSIGMAFL_910;;;ja;nein;ja;ja;jordan;;nur Jordan
NO_MATCH;Resort PL;;2;Paket a     4,50 m2;TEPRESORPL;;;ja;nein;ja;ja;jordan;;nur Jordan
NO_MATCH;Resort PL;;610;Farbe 610;TEPRESORPL_610;;;ja;nein;ja;ja;jordan;;nur Jordan
NO_MATCH;Resort PL;;780;Farbe 780;TEPRESORPL_780;;;ja;nein;ja;ja;jordan;;nur Jordan
NO_MATCH;Sera PL;;2;Paket a     4,00 m2;TEPSERAPL;;;ja;nein;ja;ja;jordan;;nur Jordan
NO_MATCH;Sera PL;;140;Farbe 140;TEPSERAPL_140;;;ja;nein;ja;ja;jordan;;nur Jordan
NO_MATCH;Sera PL;;315;Farbe 315;TEPSERAPL_315;;;ja;nein;ja;ja;jordan;;nur Jordan
NO_MATCH;Sera PL;;320;Farbe 320;TEPSERAPL_320;;;ja;nein;ja;ja;jordan;;nur Jordan
NO_MATCH;Sera PL;;360;Farbe 360;TEPSERAPL_360;;;ja;nein;ja;ja;jordan;;nur Jordan
NO_MATCH;Sera PL;;367;Farbe 367;TEPSERAPL_367;;;ja;nein;ja;ja;jordan;;nur Jordan
NO_MATCH;Sera PL;;370;Farbe 370;TEPSERAPL_370;;;ja;nein;ja;ja;jordan;;nur Jordan
NO_MATCH;Sera PL;;460;Farbe 460;TEPSERAPL_460;;;ja;nein;ja;ja;jordan;;nur Jordan
NO_MATCH;Sera PL;;520;Farbe 520;TEPSERAPL_520;;;ja;nein;ja;ja;jordan;;nur Jordan
NO_MATCH;Sera PL;;540;Farbe 540;TEPSERAPL_540;;;ja;nein;ja;ja;jordan;;nur Jordan
NO_MATCH;Sera PL;;555;Farbe 555;TEPSERAPL_555;;;ja;nein;ja;ja;jordan;;nur Jordan
NO_MATCH;Sera PL;;570;Farbe 570;TEPSERAPL_570;;;ja;nein;ja;ja;jordan;;nur Jordan
NO_MATCH;Sera PL;;580;Farbe 580;TEPSERAPL_580;;;ja;nein;ja;ja;jordan;;nur Jordan
NO_MATCH;Sera PL;;720;Farbe 720;TEPSERAPL_720;;;ja;nein;ja;ja;jordan;;nur Jordan
NO_MATCH;Sera PL;;755;Farbe 755;TEPSERAPL_755;;;ja;nein;ja;ja;jordan;;nur Jordan
NO_MATCH;Sera PL;;760;Farbe 760;TEPSERAPL_760;;;ja;nein;ja;ja;jordan;;nur Jordan
NO_MATCH;Sera PL;;765;Farbe 765;TEPSERAPL_765;;;ja;nein;ja;ja;jordan;;nur Jordan
NO_MATCH;Sera PL;;770;Farbe 770;TEPSERAPL_770;;;ja;nein;ja;ja;jordan;;nur Jordan
NO_MATCH;Sera PL;;775;Farbe 775;TEPSERAPL_775;;;ja;nein;ja;ja;jordan;;nur Jordan
NO_MATCH;Sera PL;;810;Farbe 810;TEPSERAPL_810;;;ja;nein;ja;ja;jordan;;nur Jordan
NO_MATCH;Sera PL;;840;Farbe 840;TEPSERAPL_840;;;ja;nein;ja;ja;jordan;;nur Jordan
NO_MATCH;Palais;;0;x 400,0;TEPPALA04;;;ja;nein;ja;ja;jordan;;nur Jordan
NO_MATCH;Palais;;102;Farbe 102;TEPPALA04_102;;;ja;nein;ja;ja;jordan;;nur Jordan
NO_MATCH;Palais;;142;Farbe 142;TEPPALA04_142;;;ja;nein;ja;ja;jordan;;nur Jordan
NO_MATCH;Palais;;181;Farbe 181;TEPPALA04_181;;;ja;nein;ja;ja;jordan;;nur Jordan
NO_MATCH;Palais;;189;Farbe 189;TEPPALA04_189;;;ja;nein;ja;ja;jordan;;nur Jordan
NO_MATCH;Palais;;253;Farbe 253;TEPPALA04_253;;;ja;nein;ja;ja;jordan;;nur Jordan
NO_MATCH;Palais;;285;Farbe 285;TEPPALA04_285;;;ja;nein;ja;ja;jordan;;nur Jordan
NO_MATCH;Tesso;;0;x 400,0;TEPTESS4;;;ja;nein;ja;ja;jordan;;nur Jordan
NO_MATCH;Tesso;;24;Farbe 24;TEPTESS4_024;;;ja;nein;ja;ja;jordan;;nur Jordan
NO_MATCH;Tesso;;39;Farbe 39;TEPTESS4_039;;;ja;nein;ja;ja;jordan;;nur Jordan
NO_MATCH;Tesso;;43;Farbe 43;TEPTESS4_043;;;ja;nein;ja;ja;jordan;;nur Jordan
NO_MATCH;Tesso;;49;Farbe 49;TEPTESS4_049;;;ja;nein;ja;ja;jordan;;nur Jordan
NO_MATCH;Tesso;;95;Farbe 95;TEPTESS4_095;;;ja;nein;ja;ja;jordan;;nur Jordan
NO_MATCH;Juwel;;0;x 400,0;TEPJUWE04;;;ja;nein;ja;ja;jordan;;nur Jordan
NO_MATCH;Juwel;;512;Farbe 512;TEPJUWE04_512;;;ja;nein;ja;ja;jordan;;nur Jordan
NO_MATCH;Juwel;;524;Farbe 524;TEPJUWE04_524;;;ja;nein;ja;ja;jordan;;nur Jordan
NO_MATCH;Juwel;;525;Farbe 525;TEPJUWE04_525;;;ja;nein;ja;ja;jordan;;nur Jordan
NO_MATCH;Juwel;;539;Farbe 539;TEPJUWE04_539;;;ja;nein;ja;ja;jordan;;nur Jordan
NO_MATCH;Juwel;;549;Farbe 549;TEPJUWE04_549;;;ja;nein;ja;ja;jordan;;nur Jordan
NO_MATCH;Juwel;;559;Farbe 559;TEPJUWE04_559;;;ja;nein;ja;ja;jordan;;nur Jordan
NO_MATCH;Juwel;;563;Farbe 563;TEPJUWE04_563;;;ja;nein;ja;ja;jordan;;nur Jordan
NO_MATCH;Juwel;;579;Farbe 579;TEPJUWE04_579;;;ja;nein;ja;ja;jordan;;nur Jordan
NO_MATCH;Faro;;0;x 500,0;TEPFAR04,TEPFAR05;;;ja;nein;ja;ja;jordan;;nur Jordan
NO_MATCH;Faro;;121;Farbe 121;TEPFAR04_121,TEPFAR05_121;;;ja;nein;ja;ja;jordan;;nur Jordan
NO_MATCH;Faro;;132;Farbe 132;TEPFAR04_132,TEPFAR05_132;;;ja;nein;ja;ja;jordan;;nur Jordan
NO_MATCH;Faro;;137;Farbe 137;TEPFAR04_137,TEPFAR05_137;;;ja;nein;ja;ja;jordan;;nur Jordan
NO_MATCH;Faro;;329;Farbe 329;TEPFAR04_329,TEPFAR05_329;;;ja;nein;ja;ja;jordan;;nur Jordan
NO_MATCH;Parlament;;0;x 400,0;TEPPARLA4;;;ja;nein;ja;ja;jordan;;nur Jordan
NO_MATCH;Parlament;;69;Farbe 69;TEPPARLA4_069;;;ja;nein;ja;ja;jordan;;nur Jordan
NO_MATCH;Parlament;;73;Farbe 73;TEPPARLA4_073;;;ja;nein;ja;ja;jordan;;nur Jordan
NO_MATCH;Parlament;;74;Farbe 74;TEPPARLA4_074;;;ja;nein;ja;ja;jordan;;nur Jordan
NO_MATCH;Parlament;;77;Farbe 77;TEPPARLA4_077;;;ja;nein;ja;ja;jordan;;nur Jordan
NO_MATCH;Parlament;;78;Farbe 78;TEPPARLA4_078;;;ja;nein;ja;ja;jordan;;nur Jordan
NO_MATCH;Eskada;;0;x 400,0;TEPESKA4;;;ja;nein;ja;ja;jordan;;nur Jordan
NO_MATCH;Eskada;;11;Farbe 11;TEPESKA4_011;;;ja;nein;ja;ja;jordan;;nur Jordan
NO_MATCH;Eskada;;40;Farbe 40;TEPESKA4_040;;;ja;nein;ja;ja;jordan;;nur Jordan
NO_MATCH;Eskada;;70;Farbe 70;TEPESKA4_070;;;ja;nein;ja;ja;jordan;;nur Jordan
NO_MATCH;Eskada;;72;Farbe 72;TEPESKA4_072;;;ja;nein;ja;ja;jordan;;nur Jordan
NO_MATCH;Eskada;;74;Farbe 74;TEPESKA4_074;;;ja;nein;ja;ja;jordan;;nur Jordan
NO_MATCH;Eskada;;75;Farbe 75;TEPESKA4_075;;;ja;nein;ja;ja;jordan;;nur Jordan
NO_MATCH;Eskada;;76;Farbe 76;TEPESKA4_076;;;ja;nein;ja;ja;jordan;;nur Jordan
NO_MATCH;Eskada;;78;Farbe 78;TEPESKA4_078;;;ja;nein;ja;ja;jordan;;nur Jordan
NO_MATCH;Eskada;;92;Farbe 92;TEPESKA4_092;;;ja;nein;ja;ja;jordan;;nur Jordan
NO_MATCH;Camillo;;0;x 500,0;TEPCAMIL04,TEPCAMIL05;;;ja;nein;ja;ja;jordan;;nur Jordan
NO_MATCH;Camillo;;20;Farbe 20;TEPCAMIL04_020,TEPCAMIL05_020;;;ja;nein;ja;ja;jordan;;nur Jordan
NO_MATCH;Camillo;;40;Farbe 40;TEPCAMIL04_040,TEPCAMIL05_040;;;ja;nein;ja;ja;jordan;;nur Jordan
NO_MATCH;Camillo;;50;Farbe 50;TEPCAMIL04_050,TEPCAMIL05_050;;;ja;nein;ja;ja;jordan;;nur Jordan
NO_MATCH;Camillo;;78;Farbe 78;TEPCAMIL04_078,TEPCAMIL05_078;;;ja;nein;ja;ja;jordan;;nur Jordan
NO_MATCH;Camillo;;81;Farbe 81;TEPCAMIL04_081,TEPCAMIL05_081;;;ja;nein;ja;ja;jordan;;nur Jordan
NO_MATCH;Camillo;;90;Farbe 90;TEPCAMIL04_090,TEPCAMIL05_090;;;ja;nein;ja;ja;jordan;;nur Jordan
NO_MATCH;Camillo;;94;Farbe 94;TEPCAMIL04_094,TEPCAMIL05_094;;;ja;nein;ja;ja;jordan;;nur Jordan
NO_MATCH;Camillo;;175;Farbe 175;TEPCAMIL04_175,TEPCAMIL05_175;;;ja;nein;ja;ja;jordan;;nur Jordan
NO_MATCH;Camillo;;176;Farbe 176;TEPCAMIL04_176,TEPCAMIL05_176;;;ja;nein;ja;ja;jordan;;nur Jordan
NO_MATCH;Camillo;;177;Farbe 177;TEPCAMIL04_177,TEPCAMIL05_177;;;ja;nein;ja;ja;jordan;;nur Jordan
NO_MATCH;Camillo;;182;Farbe 182;TEPCAMIL04_182,TEPCAMIL05_182;;;ja;nein;ja;ja;jordan;;nur Jordan
NO_MATCH;Camillo;;274;Farbe 274;TEPCAMIL04_274,TEPCAMIL05_274;;;ja;nein;ja;ja;jordan;;nur Jordan
NO_MATCH;Sinfonie;;0;x 500,0;TEPSINF04,TEPSINF05;;;ja;nein;ja;ja;jordan;;nur Jordan
NO_MATCH;Sinfonie;;3;Farbe 03;TEPSINF04_003,TEPSINF05_003;;;ja;nein;ja;ja;jordan;;nur Jordan
NO_MATCH;Sinfonie;;18;Farbe 18;TEPSINF04_018,TEPSINF05_018;;;ja;nein;ja;ja;jordan;;nur Jordan
NO_MATCH;Sinfonie;;25;Farbe 25;TEPSINF04_025,TEPSINF05_025;;;ja;nein;ja;ja;jordan;;nur Jordan
NO_MATCH;Sinfonie;;30;Farbe 30;TEPSINF04_030,TEPSINF05_030;;;ja;nein;ja;ja;jordan;;nur Jordan
NO_MATCH;Sinfonie;;39;Farbe 39;TEPSINF04_039,TEPSINF05_039;;;ja;nein;ja;ja;jordan;;nur Jordan
NO_MATCH;Sinfonie;;43;Farbe 43;TEPSINF04_043,TEPSINF05_043;;;ja;nein;ja;ja;jordan;;nur Jordan
NO_MATCH;Sinfonie;;44;Farbe 44;TEPSINF04_044,TEPSINF05_044;;;ja;nein;ja;ja;jordan;;nur Jordan
NO_MATCH;Sinfonie;;75;Farbe 75;TEPSINF04_075,TEPSINF05_075;;;ja;nein;ja;ja;jordan;;nur Jordan
NO_MATCH;Sinfonie;;95;Farbe 95;TEPSINF04_095,TEPSINF05_095;;;ja;nein;ja;ja;jordan;;nur Jordan
NO_MATCH;Sinfonie;;97;Farbe 97;TEPSINF04_097,TEPSINF05_097;;;ja;nein;ja;ja;jordan;;nur Jordan
NO_MATCH;Sinfonie;;99;Farbe 99;TEPSINF04_099,TEPSINF05_099;;;ja;nein;ja;ja;jordan;;nur Jordan
MATCH_POSSIBLE;Avalon;MPlus Avantgarde 2029 2203-042 TR 400cm;0;x 400,0;TEPAVALO4,TEPAVALO5;;;ja;nein;ja;ja;jordan;;nur Jordan
MATCH_POSSIBLE;Avalon;MPlus Avantgarde 2029 2203-042 TR 400cm;29;Farbe 29;TEPAVALO4_029,TEPAVALO5_029;;;ja;nein;ja;ja;jordan;;nur Jordan
MATCH_POSSIBLE;Avalon;MPlus Avantgarde 2029 2203-042 TR 400cm;31;Farbe 31;TEPAVALO4_031,TEPAVALO5_031;;;ja;nein;ja;ja;jordan;;nur Jordan
MATCH_POSSIBLE;Avalon;MPlus Avantgarde 2029 2203-042 TR 400cm;38;Farbe 38;TEPAVALO4_038,TEPAVALO5_038;038 Grau Hell;2014-002657;ja;ja;ja;ja;jordan;mplus;
MATCH_POSSIBLE;Avalon;MPlus Avantgarde 2029 2203-042 TR 400cm;39;Farbe 39;TEPAVALO4_039,TEPAVALO5_039;;;ja;nein;ja;ja;jordan;;nur Jordan
MATCH_POSSIBLE;Avalon;MPlus Avantgarde 2029 2203-042 TR 400cm;42;;;042 Grau Dunkel;2014-002658;nein;ja;nein;nein;mplus;;nur M-Plus - kein Wunschmass/Kettelservice annehmen
MATCH_POSSIBLE;Avalon;MPlus Avantgarde 2029 2203-042 TR 400cm;43;;;043 Braun Hell;2014-002659;nein;ja;nein;nein;mplus;;nur M-Plus - kein Wunschmass/Kettelservice annehmen
MATCH_POSSIBLE;Avalon;MPlus Avantgarde 2029 2203-042 TR 400cm;49;Farbe 49;TEPAVALO4_049,TEPAVALO5_049;049 Grau Dunkel;2014-002660;ja;ja;ja;ja;jordan;mplus;
MATCH_POSSIBLE;Avalon;MPlus Avantgarde 2029 2203-042 TR 400cm;52;Farbe 52;TEPAVALO4_052,TEPAVALO5_052;;;ja;nein;ja;ja;jordan;;nur Jordan
MATCH_POSSIBLE;Avalon;MPlus Avantgarde 2029 2203-042 TR 400cm;57;Farbe 57;TEPAVALO4_057,TEPAVALO5_057;;;ja;nein;ja;ja;jordan;;nur Jordan
MATCH_POSSIBLE;Avalon;MPlus Avantgarde 2029 2203-042 TR 400cm;63;Farbe 63;TEPAVALO4_063,TEPAVALO5_063;;;ja;nein;ja;ja;jordan;;nur Jordan
MATCH_POSSIBLE;Avalon;MPlus Avantgarde 2029 2203-042 TR 400cm;79;Farbe 79;TEPAVALO4_079,TEPAVALO5_079;;;ja;nein;ja;ja;jordan;;nur Jordan
MATCH_POSSIBLE;Avalon;MPlus Avantgarde 2029 2203-042 TR 400cm;83;Farbe 83;TEPAVALO4_083,TEPAVALO5_083;;;ja;nein;ja;ja;jordan;;nur Jordan
MATCH_POSSIBLE;Avalon;MPlus Avantgarde 2029 2203-042 TR 400cm;93;Farbe 93;TEPAVALO4_093,TEPAVALO5_093;093 Grau Mittel;2014-002661;ja;ja;ja;ja;jordan;mplus;
MATCH_POSSIBLE;Avalon;MPlus Avantgarde 2029 2203-042 TR 400cm;95;Farbe 95;TEPAVALO4_095,TEPAVALO5_095;095 Grau Dunkel;2014-002662;ja;ja;ja;ja;jordan;mplus;
MATCH_POSSIBLE;Avalon;MPlus Avantgarde 2029 2203-042 TR 400cm;96;Farbe 96;TEPAVALO4_096,TEPAVALO5_096;096 Schwarz Hell;2014-002663;ja;ja;ja;ja;jordan;mplus;
MATCH_POSSIBLE;Avalon;MPlus Avantgarde 2029 2203-042 TR 400cm;97;Farbe 97;TEPAVALO4_097,TEPAVALO5_097;;;ja;nein;ja;ja;jordan;;nur Jordan
MATCH_POSSIBLE;Avalon;MPlus Avantgarde 2029 2203-042 TR 400cm;99;;;099 Schwarz Mittel;2014-002664;nein;ja;nein;nein;mplus;;nur M-Plus - kein Wunschmass/Kettelservice annehmen
MATCH_POSSIBLE;Avalon;MPlus Avantgarde 2029 2203-042 TR 400cm;193;;;193 Grau Hell;2014-002665;nein;ja;nein;nein;mplus;;nur M-Plus - kein Wunschmass/Kettelservice annehmen
NO_MATCH;Tobago;;0;x 500,0;TEPTOBA4,TEPTOBA5;;;ja;nein;ja;ja;jordan;;nur Jordan
NO_MATCH;Tobago;;502;Farbe 502;TEPTOBA4_502,TEPTOBA5_502;;;ja;nein;ja;ja;jordan;;nur Jordan
NO_MATCH;Tobago;;519;Farbe 519;TEPTOBA4_519,TEPTOBA5_519;;;ja;nein;ja;ja;jordan;;nur Jordan
NO_MATCH;Smaragd;;0;x 500,0;TEPSMARA4,TEPSMARA5;;;ja;nein;ja;ja;jordan;;nur Jordan
NO_MATCH;Smaragd;;22;Farbe 22;TEPSMARA4_022,TEPSMARA5_022;;;ja;nein;ja;ja;jordan;;nur Jordan
NO_MATCH;Smaragd;;45;Farbe 45;TEPSMARA4_045,TEPSMARA5_045;;;ja;nein;ja;ja;jordan;;nur Jordan
NO_MATCH;Smaragd;;55;Farbe 55;TEPSMARA4_055,TEPSMARA5_055;;;ja;nein;ja;ja;jordan;;nur Jordan
NO_MATCH;Smaragd;;70;Farbe 70;TEPSMARA4_070,TEPSMARA5_070;;;ja;nein;ja;ja;jordan;;nur Jordan
NO_MATCH;Smaragd;;72;Farbe 72;TEPSMARA4_072,TEPSMARA5_072;;;ja;nein;ja;ja;jordan;;nur Jordan
NO_MATCH;Smaragd;;73;Farbe 73;TEPSMARA4_073,TEPSMARA5_073;;;ja;nein;ja;ja;jordan;;nur Jordan
NO_MATCH;Smaragd;;75;Farbe 75;TEPSMARA4_075,TEPSMARA5_075;;;ja;nein;ja;ja;jordan;;nur Jordan
NO_MATCH;Smaragd;;76;Farbe 76;TEPSMARA4_076,TEPSMARA5_076;;;ja;nein;ja;ja;jordan;;nur Jordan
NO_MATCH;Smaragd;;77;Farbe 77;TEPSMARA4_077,TEPSMARA5_077;;;ja;nein;ja;ja;jordan;;nur Jordan
NO_MATCH;Smaragd;;80;Farbe 80;TEPSMARA4_080,TEPSMARA5_080;;;ja;nein;ja;ja;jordan;;nur Jordan
NO_MATCH;Smaragd;;85;Farbe 85;TEPSMARA4_085,TEPSMARA5_085;;;ja;nein;ja;ja;jordan;;nur Jordan
NO_MATCH;Smaragd;;86;Farbe 86;TEPSMARA4_086,TEPSMARA5_086;;;ja;nein;ja;ja;jordan;;nur Jordan
NO_MATCH;Smaragd;;90;Farbe 90;TEPSMARA4_090,TEPSMARA5_090;;;ja;nein;ja;ja;jordan;;nur Jordan
NO_MATCH;Smaragd;;92;Farbe 92;TEPSMARA4_092,TEPSMARA5_092;;;ja;nein;ja;ja;jordan;;nur Jordan
NO_MATCH;Smaragd;;93;Farbe 93;TEPSMARA4_093,TEPSMARA5_093;;;ja;nein;ja;ja;jordan;;nur Jordan
NO_MATCH;Smaragd;;94;Farbe 94;TEPSMARA4_094,TEPSMARA5_094;;;ja;nein;ja;ja;jordan;;nur Jordan
NO_MATCH;Scala;;0;x 400,0;TEPSCALA04;;;ja;nein;ja;ja;jordan;;nur Jordan
NO_MATCH;Scala;;102;Farbe 102;TEPSCALA04_102;;;ja;nein;ja;ja;jordan;;nur Jordan
NO_MATCH;Scala;;119;Farbe 119;TEPSCALA04_119;;;ja;nein;ja;ja;jordan;;nur Jordan
NO_MATCH;Scala;;129;Farbe 129;TEPSCALA04_129;;;ja;nein;ja;ja;jordan;;nur Jordan
NO_MATCH;Scala;;132;Farbe 132;TEPSCALA04_132;;;ja;nein;ja;ja;jordan;;nur Jordan
NO_MATCH;Scala;;145;Farbe 145;TEPSCALA04_145;;;ja;nein;ja;ja;jordan;;nur Jordan
NO_MATCH;Scala;;149;Farbe 149;TEPSCALA04_149;;;ja;nein;ja;ja;jordan;;nur Jordan
NO_MATCH;Scala;;153;Farbe 153;TEPSCALA04_153;;;ja;nein;ja;ja;jordan;;nur Jordan
NO_MATCH;Scala;;161;Farbe 161  nicht lieferbar;TEPSCALA04_161;;;ja;nein;ja;ja;jordan;;nur Jordan
NO_MATCH;Scala;;179;Farbe 179;TEPSCALA04_179;;;ja;nein;ja;ja;jordan;;nur Jordan
NO_MATCH;Scala;;188;Farbe 188;TEPSCALA04_188;;;ja;nein;ja;ja;jordan;;nur Jordan
NO_MATCH;Serenade;;0;x 400,0;TEPSERE04;;;ja;nein;ja;ja;jordan;;nur Jordan
NO_MATCH;Serenade;;24;Farbe 24;TEPSERE04_024;;;ja;nein;ja;ja;jordan;;nur Jordan
NO_MATCH;Serenade;;39;Farbe 39;TEPSERE04_039;;;ja;nein;ja;ja;jordan;;nur Jordan
NO_MATCH;Serenade;;43;Farbe 43;TEPSERE04_043;;;ja;nein;ja;ja;jordan;;nur Jordan
NO_MATCH;Serenade;;49;Farbe 49;TEPSERE04_049;;;ja;nein;ja;ja;jordan;;nur Jordan
NO_MATCH;Serenade;;95;Farbe 95;TEPSERE04_095;;;ja;nein;ja;ja;jordan;;nur Jordan
NO_MATCH;Broadway;;0;x 400,0;TEPBROAD4,TEPBROAD5;;;ja;nein;ja;ja;jordan;;nur Jordan
NO_MATCH;Broadway;;23;Farbe 23;TEPBROAD4_023,TEPBROAD5_023;;;ja;nein;ja;ja;jordan;;nur Jordan
NO_MATCH;Broadway;;33;Farbe 33;TEPBROAD4_033,TEPBROAD5_033;;;ja;nein;ja;ja;jordan;;nur Jordan
NO_MATCH;Broadway;;47;Farbe 47;TEPBROAD4_047,TEPBROAD5_047;;;ja;nein;ja;ja;jordan;;nur Jordan
NO_MATCH;Broadway;;62;Farbe 62;TEPBROAD4_062,TEPBROAD5_062;;;ja;nein;ja;ja;jordan;;nur Jordan
NO_MATCH;Broadway;;73;Farbe 73;TEPBROAD4_073,TEPBROAD5_073;;;ja;nein;ja;ja;jordan;;nur Jordan
NO_MATCH;Broadway;;83;Farbe 83;TEPBROAD4_083,TEPBROAD5_083;;;ja;nein;ja;ja;jordan;;nur Jordan
NO_MATCH;Broadway;;93;Farbe 93;TEPBROAD4_093,TEPBROAD5_093;;;ja;nein;ja;ja;jordan;;nur Jordan
NO_MATCH;Broadway;;95;Farbe 95;TEPBROAD4_095,TEPBROAD5_095;;;ja;nein;ja;ja;jordan;;nur Jordan
NO_MATCH;Broadway;;96;Farbe 96;TEPBROAD4_096,TEPBROAD5_096;;;ja;nein;ja;ja;jordan;;nur Jordan
NO_MATCH;Broadway;;97;Farbe 97;TEPBROAD4_097,TEPBROAD5_097;;;ja;nein;ja;ja;jordan;;nur Jordan
NO_MATCH;Broadway;;192;Farbe 192;TEPBROAD4_192,TEPBROAD5_192;;;ja;nein;ja;ja;jordan;;nur Jordan
NO_MATCH;Elysee;;0;x 500,0;TEPELYS4,TEPELYS5;;;ja;nein;ja;ja;jordan;;nur Jordan
NO_MATCH;Elysee;;120;Farbe 120;TEPELYS4_120,TEPELYS5_120;;;ja;nein;ja;ja;jordan;;nur Jordan
NO_MATCH;Elysee;;131;Farbe 131;TEPELYS4_131,TEPELYS5_131;;;ja;nein;ja;ja;jordan;;nur Jordan
NO_MATCH;Elysee;;221;Farbe 221;TEPELYS4_221,TEPELYS5_221;;;ja;nein;ja;ja;jordan;;nur Jordan
NO_MATCH;Elysee;;251;Farbe 251;TEPELYS4_251,TEPELYS5_251;;;ja;nein;ja;ja;jordan;;nur Jordan
NO_MATCH;Elysee;;283;Farbe 283;TEPELYS4_283,TEPELYS5_283;;;ja;nein;ja;ja;jordan;;nur Jordan
NO_MATCH;Elysee;;430;Farbe 430;TEPELYS4_430,TEPELYS5_430;;;ja;nein;ja;ja;jordan;;nur Jordan
NO_MATCH;Elysee;;451;Farbe 451;TEPELYS4_451,TEPELYS5_451;;;ja;nein;ja;ja;jordan;;nur Jordan
NO_MATCH;Elysee;;460;Farbe 460;TEPELYS4_460,TEPELYS5_460;;;ja;nein;ja;ja;jordan;;nur Jordan
NO_MATCH;Elysee;;493;Farbe 493;TEPELYS4_493,TEPELYS5_493;;;ja;nein;ja;ja;jordan;;nur Jordan
NO_MATCH;Elysee;;793;Farbe 793;TEPELYS4_793,TEPELYS5_793;;;ja;nein;ja;ja;jordan;;nur Jordan
NO_MATCH;Elysee;;820;Farbe 820;TEPELYS4_820,TEPELYS5_820;;;ja;nein;ja;ja;jordan;;nur Jordan
NO_MATCH;Elysee;;830;Farbe 830;TEPELYS4_830,TEPELYS5_830;;;ja;nein;ja;ja;jordan;;nur Jordan
NO_MATCH;Elysee;;841;Farbe 841;TEPELYS4_841,TEPELYS5_841;;;ja;nein;ja;ja;jordan;;nur Jordan
NO_MATCH;Elysee;;850;Farbe 850;TEPELYS4_850,TEPELYS5_850;;;ja;nein;ja;ja;jordan;;nur Jordan
NO_MATCH;Elysee;;871;Farbe 871;TEPELYS4_871,TEPELYS5_871;;;ja;nein;ja;ja;jordan;;nur Jordan
NO_MATCH;Elysee;;880;Farbe 880;TEPELYS4_880,TEPELYS5_880;;;ja;nein;ja;ja;jordan;;nur Jordan
NO_MATCH;Elysee;;890;Farbe 890;TEPELYS4_890,TEPELYS5_890;;;ja;nein;ja;ja;jordan;;nur Jordan
NO_MATCH;Soft;;0;x 400,0;TEPSOFT4;;;ja;nein;ja;ja;jordan;;nur Jordan
NO_MATCH;Soft;;16;Farbe 16;TEPSOFT4_016;;;ja;nein;ja;ja;jordan;;nur Jordan
NO_MATCH;Soft;;23;Farbe 23;TEPSOFT4_023;;;ja;nein;ja;ja;jordan;;nur Jordan
NO_MATCH;Soft;;24;Farbe 24;TEPSOFT4_024;;;ja;nein;ja;ja;jordan;;nur Jordan
NO_MATCH;Soft;;27;Farbe 27;TEPSOFT4_027;;;ja;nein;ja;ja;jordan;;nur Jordan
NO_MATCH;Soft;;30;Farbe 30;TEPSOFT4_030;;;ja;nein;ja;ja;jordan;;nur Jordan
NO_MATCH;Soft;;33;Farbe 33;TEPSOFT4_033;;;ja;nein;ja;ja;jordan;;nur Jordan
NO_MATCH;Soft;;39;Farbe 39;TEPSOFT4_039;;;ja;nein;ja;ja;jordan;;nur Jordan
NO_MATCH;Soft;;40;Farbe 40;TEPSOFT4_040;;;ja;nein;ja;ja;jordan;;nur Jordan
NO_MATCH;Soft;;48;Farbe 48;TEPSOFT4_048;;;ja;nein;ja;ja;jordan;;nur Jordan
NO_MATCH;Soft;;49;Farbe 49;TEPSOFT4_049;;;ja;nein;ja;ja;jordan;;nur Jordan
NO_MATCH;Soft;;52;Farbe 52;TEPSOFT4_052;;;ja;nein;ja;ja;jordan;;nur Jordan
NO_MATCH;Soft;;60;Farbe 60;TEPSOFT4_060;;;ja;nein;ja;ja;jordan;;nur Jordan
NO_MATCH;Soft;;61;Farbe 61;TEPSOFT4_061;;;ja;nein;ja;ja;jordan;;nur Jordan
NO_MATCH;Soft;;66;Farbe 66;TEPSOFT4_066;;;ja;nein;ja;ja;jordan;;nur Jordan
NO_MATCH;Soft;;72;Farbe 72;TEPSOFT4_072;;;ja;nein;ja;ja;jordan;;nur Jordan
NO_MATCH;Soft;;78;Farbe 78;TEPSOFT4_078;;;ja;nein;ja;ja;jordan;;nur Jordan
NO_MATCH;Soft;;86;Farbe 86;TEPSOFT4_086;;;ja;nein;ja;ja;jordan;;nur Jordan
NO_MATCH;Soft;;90;Farbe 90;TEPSOFT4_090;;;ja;nein;ja;ja;jordan;;nur Jordan
NO_MATCH;Soft;;92;Farbe 92;TEPSOFT4_092;;;ja;nein;ja;ja;jordan;;nur Jordan
NO_MATCH;Soft;;93;Farbe 93;TEPSOFT4_093;;;ja;nein;ja;ja;jordan;;nur Jordan
NO_MATCH;Soft;;95;Farbe 95;TEPSOFT4_095;;;ja;nein;ja;ja;jordan;;nur Jordan
NO_MATCH;Soft;;96;Farbe 96;TEPSOFT4_096;;;ja;nein;ja;ja;jordan;;nur Jordan
NO_MATCH;Soft;;97;Farbe 97;TEPSOFT4_097;;;ja;nein;ja;ja;jordan;;nur Jordan
NO_MATCH;Soft;;98;Farbe 98;TEPSOFT4_098;;;ja;nein;ja;ja;jordan;;nur Jordan
NO_MATCH;Interlife;;0;x 200,0;TEPTRETIN2;;;ja;nein;ja;ja;jordan;;nur Jordan
NO_MATCH;Interlife;;512;Farbe 512;TEPTRETIN2_512;;;ja;nein;ja;ja;jordan;;nur Jordan
NO_MATCH;Interlife;;514;Farbe 514;TEPTRETIN2_514;;;ja;nein;ja;ja;jordan;;nur Jordan
NO_MATCH;Interlife;;515;Farbe 515;TEPTRETIN2_515;;;ja;nein;ja;ja;jordan;;nur Jordan
NO_MATCH;Interlife;;516;Farbe 516;TEPTRETIN2_516;;;ja;nein;ja;ja;jordan;;nur Jordan
NO_MATCH;Interlife;;517;Farbe 517;TEPTRETIN2_517;;;ja;nein;ja;ja;jordan;;nur Jordan
NO_MATCH;Interlife;;519;Farbe 519;TEPTRETIN2_519;;;ja;nein;ja;ja;jordan;;nur Jordan
NO_MATCH;Interlife;;520;Farbe 520;TEPTRETIN2_520;;;ja;nein;ja;ja;jordan;;nur Jordan
NO_MATCH;Interlife;;523;Farbe 523;TEPTRETIN2_523;;;ja;nein;ja;ja;jordan;;nur Jordan
NO_MATCH;Interlife;;524;Farbe 524;TEPTRETIN2_524;;;ja;nein;ja;ja;jordan;;nur Jordan
NO_MATCH;Interlife;;532;Farbe 532;TEPTRETIN2_532;;;ja;nein;ja;ja;jordan;;nur Jordan
NO_MATCH;Interlife;;534;Farbe 534;TEPTRETIN2_534;;;ja;nein;ja;ja;jordan;;nur Jordan
NO_MATCH;Interlife;;538;Farbe 538;TEPTRETIN2_538;;;ja;nein;ja;ja;jordan;;nur Jordan
NO_MATCH;Interlife;;555;Farbe 555;TEPTRETIN2_555;;;ja;nein;ja;ja;jordan;;nur Jordan
NO_MATCH;Interlife;;556;Farbe 556;TEPTRETIN2_556;;;ja;nein;ja;ja;jordan;;nur Jordan
NO_MATCH;Interlife;;558;Farbe 558;TEPTRETIN2_558;;;ja;nein;ja;ja;jordan;;nur Jordan
NO_MATCH;Interlife;;559;Farbe 559;TEPTRETIN2_559;;;ja;nein;ja;ja;jordan;;nur Jordan
NO_MATCH;Interlife;;560;Farbe 560;TEPTRETIN2_560;;;ja;nein;ja;ja;jordan;;nur Jordan
NO_MATCH;Interlife;;564;Farbe 564;TEPTRETIN2_564;;;ja;nein;ja;ja;jordan;;nur Jordan
NO_MATCH;Interlife;;565;Farbe 565;TEPTRETIN2_565;;;ja;nein;ja;ja;jordan;;nur Jordan
NO_MATCH;Interlife;;566;Farbe 566;TEPTRETIN2_566;;;ja;nein;ja;ja;jordan;;nur Jordan
NO_MATCH;Interlife;;567;Farbe 567;TEPTRETIN2_567;;;ja;nein;ja;ja;jordan;;nur Jordan
NO_MATCH;Interlife;;568;Farbe 568;TEPTRETIN2_568;;;ja;nein;ja;ja;jordan;;nur Jordan
NO_MATCH;Interlife;;569;Farbe 569;TEPTRETIN2_569;;;ja;nein;ja;ja;jordan;;nur Jordan
NO_MATCH;Interlife;;570;Farbe 570;TEPTRETIN2_570;;;ja;nein;ja;ja;jordan;;nur Jordan
NO_MATCH;Interlife;;571;Farbe 571;TEPTRETIN2_571;;;ja;nein;ja;ja;jordan;;nur Jordan
NO_MATCH;Interlife;;572;Farbe 572;TEPTRETIN2_572;;;ja;nein;ja;ja;jordan;;nur Jordan
NO_MATCH;Interlife;;573;Farbe 573;TEPTRETIN2_573;;;ja;nein;ja;ja;jordan;;nur Jordan
NO_MATCH;Interlife;;575;Farbe 575;TEPTRETIN2_575;;;ja;nein;ja;ja;jordan;;nur Jordan
NO_MATCH;Interlife;;580;Farbe 580;TEPTRETIN2_580;;;ja;nein;ja;ja;jordan;;nur Jordan
NO_MATCH;Interlife;;581;Farbe 581;TEPTRETIN2_581;;;ja;nein;ja;ja;jordan;;nur Jordan
NO_MATCH;Interlife;;582;Farbe 582;TEPTRETIN2_582;;;ja;nein;ja;ja;jordan;;nur Jordan
NO_MATCH;Interlife;;584;Farbe 584;TEPTRETIN2_584;;;ja;nein;ja;ja;jordan;;nur Jordan
NO_MATCH;Interlife;;585;Farbe 585;TEPTRETIN2_585;;;ja;nein;ja;ja;jordan;;nur Jordan
NO_MATCH;Interlife;;588;Farbe 588;TEPTRETIN2_588;;;ja;nein;ja;ja;jordan;;nur Jordan
NO_MATCH;Interlife;;590;Farbe 590;TEPTRETIN2_590;;;ja;nein;ja;ja;jordan;;nur Jordan
NO_MATCH;Interlife;;591;Farbe 591;TEPTRETIN2_591;;;ja;nein;ja;ja;jordan;;nur Jordan
NO_MATCH;Interlife;;592;Farbe 592;TEPTRETIN2_592;;;ja;nein;ja;ja;jordan;;nur Jordan
NO_MATCH;Interlife;;601;Farbe 601;TEPTRETIN2_601;;;ja;nein;ja;ja;jordan;;nur Jordan
NO_MATCH;Interlife;;632;Farbe 632;TEPTRETIN2_632;;;ja;nein;ja;ja;jordan;;nur Jordan
NO_MATCH;Interlife;;633;Farbe 633;TEPTRETIN2_633;;;ja;nein;ja;ja;jordan;;nur Jordan
NO_MATCH;Basalt Fliese;;0;0,500x  50,0;TEPBASALFL;;;ja;nein;ja;ja;jordan;;nur Jordan
NO_MATCH;Basalt Fliese;;24;Fb. 24;TEPBASALFL_024;;;ja;nein;ja;ja;jordan;;nur Jordan
NO_MATCH;Basalt Fliese;;44;Fb. 44;TEPBASALFL_044;;;ja;nein;ja;ja;jordan;;nur Jordan
NO_MATCH;Basalt Fliese;;89;Fb. 89;TEPBASALFL_089;;;ja;nein;ja;ja;jordan;;nur Jordan
NO_MATCH;Titan Fliese;;0;0,500x  50,0;TEPNAFJVTF;;;ja;nein;ja;ja;jordan;;nur Jordan
NO_MATCH;Titan Fliese;;39;Farbe 390 (39);TEPNAFJVTF_39;;;ja;nein;ja;ja;jordan;;nur Jordan
NO_MATCH;;;2010217;;WER2010217;;;ja;nein;ja;ja;jordan;;nur Jordan
NO_MATCH;Elevation III;;1;;TEPLAVA1;;;ja;nein;ja;ja;jordan;;nur Jordan
NO_MATCH;Elevation III;;9001;Farbe 9001;TEPLAVA1_9001;;;ja;nein;ja;ja;jordan;;nur Jordan
NO_MATCH;Elevation III;;9002;Farbe 9002;TEPLAVA1_9002;;;ja;nein;ja;ja;jordan;;nur Jordan
NO_MATCH;Elevation III;;9003;Farbe 9003;TEPLAVA1_9003;;;ja;nein;ja;ja;jordan;;nur Jordan
NO_MATCH;Elevation III;;9004;Farbe 9004;TEPLAVA1_9004;;;ja;nein;ja;ja;jordan;;nur Jordan
NO_MATCH;Elevation III;;9005;Farbe 9005;TEPLAVA1_9005;;;ja;nein;ja;ja;jordan;;nur Jordan
NO_MATCH;Elevation III;;9006;Farbe 9006;TEPLAVA1_9006;;;ja;nein;ja;ja;jordan;;nur Jordan
NO_MATCH;Elevation III;;9007;Farbe 9007;TEPLAVA1_9007;;;ja;nein;ja;ja;jordan;;nur Jordan
NO_MATCH;Elevation III;;9008;Farbe 9008;TEPLAVA1_9008;;;ja;nein;ja;ja;jordan;;nur Jordan
NO_MATCH;Elevation III;;9009;Farbe 9009;TEPLAVA1_9009;;;ja;nein;ja;ja;jordan;;nur Jordan
NO_MATCH;Elevation III;;9010;Farbe 9010;TEPLAVA1_9010;;;ja;nein;ja;ja;jordan;;nur Jordan
NO_MATCH;Elevation III;;9011;Farbe 9011;TEPLAVA1_9011;;;ja;nein;ja;ja;jordan;;nur Jordan
NO_MATCH;Elevation III;;9012;Farbe 9012;TEPLAVA1_9012;;;ja;nein;ja;ja;jordan;;nur Jordan
NO_MATCH;Elevation III;;9013;Farbe 9013;TEPLAVA1_9013;;;ja;nein;ja;ja;jordan;;nur Jordan
NO_MATCH;Elevation III;;9014;Farbe 9014;TEPLAVA1_9014;;;ja;nein;ja;ja;jordan;;nur Jordan
NO_MATCH;Elevation III;;9015;Farbe 9015;TEPLAVA1_9015;;;ja;nein;ja;ja;jordan;;nur Jordan
NO_MATCH;Elevation III;;9016;Farbe 9016;TEPLAVA1_9016;;;ja;nein;ja;ja;jordan;;nur Jordan
NO_MATCH;Elevation III;;9017;Farbe 9017;TEPLAVA1_9017;;;ja;nein;ja;ja;jordan;;nur Jordan
NO_MATCH;Elevation III;;9018;Farbe 9018;TEPLAVA1_9018;;;ja;nein;ja;ja;jordan;;nur Jordan
NO_MATCH;Elevation III;;9019;Farbe 9019;TEPLAVA1_9019;;;ja;nein;ja;ja;jordan;;nur Jordan
NO_MATCH;Elevation III;;9020;Farbe 9020;TEPLAVA1_9020;;;ja;nein;ja;ja;jordan;;nur Jordan
NO_MATCH;Central;;0;0,500x  50,0;TEPCENT400,TEPCENTFL;;;ja;nein;ja;ja;jordan;;nur Jordan
NO_MATCH;Central;;72;Farbe 72;TEPCENT400_072,TEPCENTFL_072;;;ja;nein;ja;ja;jordan;;nur Jordan
NO_MATCH;Central;;77;Farbe 77;TEPCENT400_077;;;ja;nein;ja;ja;jordan;;nur Jordan
NO_MATCH;Central;;78;Farbe 78;TEPCENT400_078,TEPCENTFL_078;;;ja;nein;ja;ja;jordan;;nur Jordan
NO_MATCH;Central;;93;Farbe 93;TEPCENT400_093,TEPCENTFL_093;;;ja;nein;ja;ja;jordan;;nur Jordan
NO_MATCH;Central;;378;Farbe 378;TEPCENT400_378;;;ja;nein;ja;ja;jordan;;nur Jordan
NO_MATCH;Urban Fliese;;0;0,500x  50,0;TEPURBANFL;;;ja;nein;ja;ja;jordan;;nur Jordan
NO_MATCH;Urban Fliese;;75;Farbe 75;TEPURBANFL_075;;;ja;nein;ja;ja;jordan;;nur Jordan
NO_MATCH;Urban Fliese;;77;Farbe 77;TEPURBANFL_077;;;ja;nein;ja;ja;jordan;;nur Jordan
NO_MATCH;Urban Fliese;;78;Farbe 78;TEPURBANFL_078;;;ja;nein;ja;ja;jordan;;nur Jordan
NO_MATCH;Urban Fliese;;86;Farbe 86;TEPURBANFL_086;;;ja;nein;ja;ja;jordan;;nur Jordan
NO_MATCH;Urban Fliese;;94;Farbe 94;TEPURBANFL_094;;;ja;nein;ja;ja;jordan;;nur Jordan
NO_MATCH;Urban Fliese;;97;Farbe 97;TEPURBANFL_097;;;ja;nein;ja;ja;jordan;;nur Jordan
NO_MATCH;Urban Fliese;;177;Farbe 177;TEPURBANFL_177;;;ja;nein;ja;ja;jordan;;nur Jordan
NO_MATCH;Lana;;0;0,500x  50,0;TEPLANAFL;;;ja;nein;ja;ja;jordan;;nur Jordan
NO_MATCH;Lana;;2;Farbe 969 ab 5m2;TEPLANAFL_969,TEPLANAFL_979,TEPLANAFL_989;;;ja;nein;ja;ja;jordan;;nur Jordan
NO_MATCH;Cosy Fliese;;0;0,500x  50,0;TEPCOSYFL;;;ja;nein;ja;ja;jordan;;nur Jordan
NO_MATCH;Cosy Fliese;;73;Farbe 73;TEPCOSYFL_073;;;ja;nein;ja;ja;jordan;;nur Jordan
NO_MATCH;Cosy Fliese;;74;Farbe 74;TEPCOSYFL_095;;;ja;nein;ja;ja;jordan;;nur Jordan
NO_MATCH;Cosy Fliese;;75;Farbe 75;TEPCOSYFL_075;;;ja;nein;ja;ja;jordan;;nur Jordan
NO_MATCH;Cosy Fliese;;76;Farbe 76;TEPCOSYFL_040;;;ja;nein;ja;ja;jordan;;nur Jordan
NO_MATCH;Cosy Fliese;;78;Farbe 78;TEPCOSYFL_026;;;ja;nein;ja;ja;jordan;;nur Jordan
NO_MATCH;Cosy Fliese;;80;Farbe 80;TEPCOSYFL_018;;;ja;nein;ja;ja;jordan;;nur Jordan
NO_MATCH;Cosy Fliese;;82;Farbe 82;TEPCOSYFL_094;;;ja;nein;ja;ja;jordan;;nur Jordan
NO_MATCH;Quito;;TEPBORQUI;;TEPBORQUI;;;ja;nein;ja;ja;jordan;;nur Jordan
NO_MATCH;Cancun 500 cm nur Fb. 07, 41, 50;;TEPBORCAN;;TEPBORCAN;;;ja;nein;ja;ja;jordan;;nur Jordan
NO_MATCH;Campinas;;TEPBORCAM;;TEPBORCAM;;;ja;nein;ja;ja;jordan;;nur Jordan
NO_MATCH;Brasilia 500 cm nur Fb. 07, 80;;TEPBORBRA;;TEPBORBRA;;;ja;nein;ja;ja;jordan;;nur Jordan
NO_MATCH;Baruta;;1;;TEPBORBAR1;;;ja;nein;ja;ja;jordan;;nur Jordan
NO_MATCH;Barinas;;TEPBORBAR;;TEPBORBAR;;;ja;nein;ja;ja;jordan;;nur Jordan
NO_MATCH;;;191;;GARNA00191;;;ja;nein;ja;ja;jordan;;nur Jordan
NO_MATCH;;;300;300 cm;GARNA00191_300;;;ja;nein;ja;ja;jordan;;nur Jordan
NO_MATCH;;;400;400 cm;GARNA00191_400;;;ja;nein;ja;ja;jordan;;nur Jordan
NO_MATCH;;;500;500 cm;GARNA00191_500;;;ja;nein;ja;ja;jordan;;nur Jordan
NO_MATCH;;;600;600 cm;GARNA00191_600;;;ja;nein;ja;ja;jordan;;nur Jordan
NO_MATCH;;;10;Rolle 10m;MÖZ783235;;;ja;nein;ja;ja;jordan;;nur Jordan
NO_MATCH;Mangalore natur;;1;;TEPBORMAN1;;;ja;nein;ja;ja;jordan;;nur Jordan
NO_MATCH;Urban;;0;x 400,0;TEPURBAN04;;;ja;nein;ja;ja;jordan;;nur Jordan
NO_MATCH;Urban;;75;Farbe 75;TEPURBAN04_075;;;ja;nein;ja;ja;jordan;;nur Jordan
NO_MATCH;Urban;;77;Farbe 77;TEPURBAN04_077;;;ja;nein;ja;ja;jordan;;nur Jordan
NO_MATCH;Urban;;78;Farbe 78;TEPURBAN04_078;;;ja;nein;ja;ja;jordan;;nur Jordan
NO_MATCH;Urban;;86;Farbe 86;TEPURBAN04_086;;;ja;nein;ja;ja;jordan;;nur Jordan
NO_MATCH;Urban;;94;Farbe 94;TEPURBAN04_094;;;ja;nein;ja;ja;jordan;;nur Jordan
NO_MATCH;Urban;;97;Farbe 97;TEPURBAN04_097;;;ja;nein;ja;ja;jordan;;nur Jordan
NO_MATCH;Urban;;177;Farbe 177;TEPURBAN04_177;;;ja;nein;ja;ja;jordan;;nur Jordan
NO_MATCH;Milo;;0;x 400,0;TEPMI4,TEPMI5;;;ja;nein;ja;ja;jordan;;nur Jordan
NO_MATCH;Milo;;27;Farbe 27;TEPMI4_027,TEPMI5_027;;;ja;nein;ja;ja;jordan;;nur Jordan
NO_MATCH;Milo;;34;Farbe 34;TEPMI4_034,TEPMI5_034;;;ja;nein;ja;ja;jordan;;nur Jordan
NO_MATCH;Milo;;39;Farbe 39;TEPMI4_039,TEPMI5_039;;;ja;nein;ja;ja;jordan;;nur Jordan
NO_MATCH;Milo;;77;Farbe 77;TEPMI4_077,TEPMI5_077;;;ja;nein;ja;ja;jordan;;nur Jordan
NO_MATCH;Milo;;84;Farbe 84;TEPMI4_084,TEPMI5_084;;;ja;nein;ja;ja;jordan;;nur Jordan
NO_MATCH;Milo;;90;Farbe 90;TEPMI4_090,TEPMI5_090;;;ja;nein;ja;ja;jordan;;nur Jordan
NO_MATCH;Milo;;97;Farbe 97;TEPMI4_097,TEPMI5_097;;;ja;nein;ja;ja;jordan;;nur Jordan
NO_MATCH;;;0;x 500,0;TEPTALLIN4,TEPTALLIN5;;;ja;nein;ja;ja;jordan;;nur Jordan
NO_MATCH;;;22;Farbe 22;TEPTALLIN4_022,TEPTALLIN5_022;;;ja;nein;ja;ja;jordan;;nur Jordan
NO_MATCH;;;63;Farbe 63;TEPTALLIN4_063,TEPTALLIN5_063;;;ja;nein;ja;ja;jordan;;nur Jordan
NO_MATCH;;;71;Farbe 71;TEPTALLIN4_071,TEPTALLIN5_071;;;ja;nein;ja;ja;jordan;;nur Jordan
NO_MATCH;;;73;Farbe 73;TEPTALLIN4_073,TEPTALLIN5_073;;;ja;nein;ja;ja;jordan;;nur Jordan
NO_MATCH;;;77;Farbe 77;TEPTALLIN4_077,TEPTALLIN5_077;;;ja;nein;ja;ja;jordan;;nur Jordan
NO_MATCH;;;81;Farbe 81;TEPTALLIN4_081,TEPTALLIN5_081;;;ja;nein;ja;ja;jordan;;nur Jordan
NO_MATCH;;;91;Farbe 91;TEPTALLIN4_091,TEPTALLIN5_091;;;ja;nein;ja;ja;jordan;;nur Jordan
MATCH_POSSIBLE;Tosca;MPlus Akzente 2029 2419-15 TR 400 cm;0;x 500,0;TEPTOS4,TEPTOS5;;;ja;nein;ja;ja;jordan;;nur Jordan
MATCH_POSSIBLE;Tosca;MPlus Akzente 2029 2419-15 TR 400 cm;8;Farbe 08;TEPTOS4_008,TEPTOS5_008;;;ja;nein;ja;ja;jordan;;nur Jordan
MATCH_POSSIBLE;Tosca;MPlus Akzente 2029 2419-15 TR 400 cm;10;Farbe 10;TEPTOS4_010,TEPTOS5_010;;;ja;nein;ja;ja;jordan;;nur Jordan
MATCH_POSSIBLE;Tosca;MPlus Akzente 2029 2419-15 TR 400 cm;13;Farbe 13;TEPTOS4_013,TEPTOS5_013;13 Beige Hell;2059-000127;ja;ja;ja;ja;jordan;mplus;
MATCH_POSSIBLE;Tosca;MPlus Akzente 2029 2419-15 TR 400 cm;14;;;14 Beige Mittel;2059-000128;nein;ja;nein;nein;mplus;;nur M-Plus - kein Wunschmass/Kettelservice annehmen
MATCH_POSSIBLE;Tosca;MPlus Akzente 2029 2419-15 TR 400 cm;15;;;15 Braun Mittel;2059-000129;nein;ja;nein;nein;mplus;;nur M-Plus - kein Wunschmass/Kettelservice annehmen
MATCH_POSSIBLE;Tosca;MPlus Akzente 2029 2419-15 TR 400 cm;18;Farbe 18;TEPTOS4_018,TEPTOS5_018;18 Braun Dunkel;2059-000130;ja;ja;ja;ja;jordan;mplus;
MATCH_POSSIBLE;Tosca;MPlus Akzente 2029 2419-15 TR 400 cm;23;Farbe 23;TEPTOS4_023,TEPTOS5_023;;;ja;nein;ja;ja;jordan;;nur Jordan
MATCH_POSSIBLE;Tosca;MPlus Akzente 2029 2419-15 TR 400 cm;28;Farbe 28;TEPTOS4_028,TEPTOS5_028;28 Grau Mittel;2059-000131;ja;ja;ja;ja;jordan;mplus;
MATCH_POSSIBLE;Tosca;MPlus Akzente 2029 2419-15 TR 400 cm;29;Farbe 29;TEPTOS4_029,TEPTOS5_029;29 Grau Dunkel;2059-000132;ja;ja;ja;ja;jordan;mplus;
MATCH_POSSIBLE;Tosca;MPlus Akzente 2029 2419-15 TR 400 cm;35;Farbe 35;TEPTOS4_035,TEPTOS5_035;;;ja;nein;ja;ja;jordan;;nur Jordan
MATCH_POSSIBLE;Tosca;MPlus Akzente 2029 2419-15 TR 400 cm;85;Farbe 85;TEPTOS4_085,TEPTOS5_085;;;ja;nein;ja;ja;jordan;;nur Jordan
NO_MATCH;Siro;;0;x 400,0;TEPSIRO4;;;ja;nein;ja;ja;jordan;;nur Jordan
NO_MATCH;Siro;;26;Farbe 26;TEPSIRO4_026;;;ja;nein;ja;ja;jordan;;nur Jordan
NO_MATCH;Siro;;31;Farbe 31;TEPSIRO4_031;;;ja;nein;ja;ja;jordan;;nur Jordan
NO_MATCH;Siro;;36;Farbe 36;TEPSIRO4_036;;;ja;nein;ja;ja;jordan;;nur Jordan
NO_MATCH;Siro;;45;Farbe 45;TEPSIRO4_045;;;ja;nein;ja;ja;jordan;;nur Jordan
NO_MATCH;Siro;;49;Farbe 49;TEPSIRO4_049;;;ja;nein;ja;ja;jordan;;nur Jordan
NO_MATCH;Siro;;74;Farbe 74;TEPSIRO4_074;;;ja;nein;ja;ja;jordan;;nur Jordan
NO_MATCH;Siro;;94;Farbe 94;TEPSIRO4_094;;;ja;nein;ja;ja;jordan;;nur Jordan
NO_MATCH;Siro;;95;Farbe 95;TEPSIRO4_095;;;ja;nein;ja;ja;jordan;;nur Jordan
NO_MATCH;Siro;;97;Farbe 97;TEPSIRO4_097;;;ja;nein;ja;ja;jordan;;nur Jordan
NO_MATCH;Rio;;0;x 400,0;TEPRIO4,TEPRIO5;;;ja;nein;ja;ja;jordan;;nur Jordan
NO_MATCH;Rio;;710;Farbe 710;TEPRIO4_710,TEPRIO5_710;;;ja;nein;ja;ja;jordan;;nur Jordan
NO_MATCH;Rio;;712;Farbe 712;TEPRIO4_712,TEPRIO5_712;;;ja;nein;ja;ja;jordan;;nur Jordan
NO_MATCH;Rio;;714;Farbe 714;TEPRIO4_714,TEPRIO5_714;;;ja;nein;ja;ja;jordan;;nur Jordan
NO_MATCH;Rio;;715;Farbe 715;TEPRIO4_715,TEPRIO5_715;;;ja;nein;ja;ja;jordan;;nur Jordan
NO_MATCH;Rival;;0;x 500,0;TEPRIVAL4,TEPRIVAL5;;;ja;nein;ja;ja;jordan;;nur Jordan
NO_MATCH;Rival;;72;Farbe 72;TEPRIVAL4_072,TEPRIVAL5_072;;;ja;nein;ja;ja;jordan;;nur Jordan
NO_MATCH;Rival;;73;Farbe 73;TEPRIVAL4_073,TEPRIVAL5_073;;;ja;nein;ja;ja;jordan;;nur Jordan
NO_MATCH;Rival;;75;Farbe 75;TEPRIVAL4_075,TEPRIVAL5_075;;;ja;nein;ja;ja;jordan;;nur Jordan
NO_MATCH;Rival;;78;Farbe 78;TEPRIVAL4_078,TEPRIVAL5_078;;;ja;nein;ja;ja;jordan;;nur Jordan
NO_MATCH;Rival;;83;Farbe 83;TEPRIVAL4_083,TEPRIVAL5_083;;;ja;nein;ja;ja;jordan;;nur Jordan
NO_MATCH;Rival;;92;Farbe 92;TEPRIVAL4_092,TEPRIVAL5_092;;;ja;nein;ja;ja;jordan;;nur Jordan
NO_MATCH;Rival;;175;Farbe 175;TEPRIVAL4_175,TEPRIVAL5_175;;;ja;nein;ja;ja;jordan;;nur Jordan
NO_MATCH;Rival;;176;Farbe 176;TEPRIVAL4_176,TEPRIVAL5_176;;;ja;nein;ja;ja;jordan;;nur Jordan
NO_MATCH;Palia;;0;x 400,0;TEPPALIA4,TEPPALIA5;;;ja;nein;ja;ja;jordan;;nur Jordan
NO_MATCH;Palia;;31;Farbe 31;TEPPALIA4_031,TEPPALIA5_031;;;ja;nein;ja;ja;jordan;;nur Jordan
NO_MATCH;Palia;;35;Farbe 35;TEPPALIA4_035,TEPPALIA5_035;;;ja;nein;ja;ja;jordan;;nur Jordan
NO_MATCH;Palia;;62;Farbe 62;TEPPALIA4_062,TEPPALIA5_062;;;ja;nein;ja;ja;jordan;;nur Jordan
NO_MATCH;Palia;;65;Farbe 65;TEPPALIA4_065,TEPPALIA5_065;;;ja;nein;ja;ja;jordan;;nur Jordan
NO_MATCH;Palia;;68;Farbe 68;TEPPALIA4_068,TEPPALIA5_068;;;ja;nein;ja;ja;jordan;;nur Jordan
NO_MATCH;Palia;;71;Farbe 71;TEPPALIA4_071,TEPPALIA5_071;;;ja;nein;ja;ja;jordan;;nur Jordan
NO_MATCH;Palia;;74;Farbe 74;TEPPALIA4_074,TEPPALIA5_074;;;ja;nein;ja;ja;jordan;;nur Jordan
NO_MATCH;Palia;;77;Farbe 77;TEPPALIA4_077,TEPPALIA5_077;;;ja;nein;ja;ja;jordan;;nur Jordan
NO_MATCH;Palia;;79;Farbe 79;TEPPALIA4_079,TEPPALIA5_079;;;ja;nein;ja;ja;jordan;;nur Jordan
NO_MATCH;Palia;;83;Farbe 83;TEPPALIA4_083,TEPPALIA5_083;;;ja;nein;ja;ja;jordan;;nur Jordan
NO_MATCH;Para;;0;x 500,0;TEPPARA04,TEPPARA05;;;ja;nein;ja;ja;jordan;;nur Jordan
NO_MATCH;Para;;14;Farbe 14;TEPPARA04_014,TEPPARA05_014;;;ja;nein;ja;ja;jordan;;nur Jordan
NO_MATCH;Para;;29;Farbe 29;TEPPARA04_029,TEPPARA05_029;;;ja;nein;ja;ja;jordan;;nur Jordan
NO_MATCH;Para;;31;Farbe 31;TEPPARA04_031,TEPPARA05_031;;;ja;nein;ja;ja;jordan;;nur Jordan
NO_MATCH;Para;;39;Farbe 39;TEPPARA04_039,TEPPARA05_039;;;ja;nein;ja;ja;jordan;;nur Jordan
NO_MATCH;Para;;53;Farbe 53;TEPPARA04_053,TEPPARA05_053;;;ja;nein;ja;ja;jordan;;nur Jordan
NO_MATCH;Para;;64;Farbe 64;TEPPARA04_064,TEPPARA05_064;;;ja;nein;ja;ja;jordan;;nur Jordan
NO_MATCH;Para;;79;Farbe 79;TEPPARA04_079,TEPPARA05_079;;;ja;nein;ja;ja;jordan;;nur Jordan
NO_MATCH;Para;;95;Farbe 95;TEPPARA04_095,TEPPARA05_095;;;ja;nein;ja;ja;jordan;;nur Jordan
NO_MATCH;Para;;98;Farbe 98;TEPPARA04_098,TEPPARA05_098;;;ja;nein;ja;ja;jordan;;nur Jordan
NO_MATCH;Lord;;0;x 400,0;TEPLORD4,TEPLORD5;;;ja;nein;ja;ja;jordan;;nur Jordan
NO_MATCH;Lord;;180;Farbe 180;TEPLORD4_180,TEPLORD5_180;;;ja;nein;ja;ja;jordan;;nur Jordan
NO_MATCH;Lord;;250;Farbe 250;TEPLORD4_250,TEPLORD5_250;;;ja;nein;ja;ja;jordan;;nur Jordan
NO_MATCH;Lord;;260;Farbe 260;TEPLORD4_260,TEPLORD5_260;;;ja;nein;ja;ja;jordan;;nur Jordan
NO_MATCH;Lord;;420;Farbe 420;TEPLORD4_420,TEPLORD5_420;;;ja;nein;ja;ja;jordan;;nur Jordan
NO_MATCH;Lord;;780;Farbe 780;TEPLORD4_780,TEPLORD5_780;;;ja;nein;ja;ja;jordan;;nur Jordan
NO_MATCH;Lord;;800;Farbe 800;TEPLORD4_800,TEPLORD5_800;;;ja;nein;ja;ja;jordan;;nur Jordan
NO_MATCH;Lord;;820;Farbe 820;TEPLORD4_820,TEPLORD5_820;;;ja;nein;ja;ja;jordan;;nur Jordan
NO_MATCH;Lord;;830;Farbe 830;TEPLORD4_830,TEPLORD5_830;;;ja;nein;ja;ja;jordan;;nur Jordan
NO_MATCH;Lord;;840;Farbe 840;TEPLORD4_840,TEPLORD5_840;;;ja;nein;ja;ja;jordan;;nur Jordan
NO_MATCH;Lord;;850;Farbe 850;TEPLORD4_850,TEPLORD5_850;;;ja;nein;ja;ja;jordan;;nur Jordan
NO_MATCH;Heres;;0;x 500,0;TEPHERES4,TEPHERES5;;;ja;nein;ja;ja;jordan;;nur Jordan
NO_MATCH;Heres;;10;Farbe 10;TEPHERES4_010,TEPHERES5_010;;;ja;nein;ja;ja;jordan;;nur Jordan
NO_MATCH;Heres;;15;Farbe 15;TEPHERES4_015,TEPHERES5_015;;;ja;nein;ja;ja;jordan;;nur Jordan
NO_MATCH;Heres;;20;Farbe 20;TEPHERES4_020,TEPHERES5_020;;;ja;nein;ja;ja;jordan;;nur Jordan
NO_MATCH;Heres;;40;Farbe 40;TEPHERES4_040,TEPHERES5_040;;;ja;nein;ja;ja;jordan;;nur Jordan
NO_MATCH;Heres;;50;Farbe 50;TEPHERES4_050,TEPHERES5_050;;;ja;nein;ja;ja;jordan;;nur Jordan
NO_MATCH;Heres;;55;Farbe 55;TEPHERES4_055,TEPHERES5_055;;;ja;nein;ja;ja;jordan;;nur Jordan
NO_MATCH;Heres;;69;Farbe 69;TEPHERES4_069,TEPHERES5_069;;;ja;nein;ja;ja;jordan;;nur Jordan
NO_MATCH;Heres;;70;Farbe 70;TEPHERES4_070,TEPHERES5_070;;;ja;nein;ja;ja;jordan;;nur Jordan
NO_MATCH;Heres;;72;Farbe 72;TEPHERES4_072,TEPHERES5_072;;;ja;nein;ja;ja;jordan;;nur Jordan
NO_MATCH;Heres;;73;Farbe 73;TEPHERES4_073,TEPHERES5_073;;;ja;nein;ja;ja;jordan;;nur Jordan
NO_MATCH;Heres;;74;Farbe 74;TEPHERES4_074,TEPHERES5_074;;;ja;nein;ja;ja;jordan;;nur Jordan
NO_MATCH;Heres;;75;Farbe 75;TEPHERES4_075,TEPHERES5_075;;;ja;nein;ja;ja;jordan;;nur Jordan
NO_MATCH;Heres;;76;Farbe 76;TEPHERES4_076,TEPHERES5_076;;;ja;nein;ja;ja;jordan;;nur Jordan
NO_MATCH;Heres;;77;Farbe 77;TEPHERES4_077,TEPHERES5_077;;;ja;nein;ja;ja;jordan;;nur Jordan
NO_MATCH;Heres;;78;Farbe 78;TEPHERES4_078,TEPHERES5_078;;;ja;nein;ja;ja;jordan;;nur Jordan
NO_MATCH;Heres;;81;Farbe 81;TEPHERES4_081,TEPHERES5_081;;;ja;nein;ja;ja;jordan;;nur Jordan
NO_MATCH;Heres;;91;Farbe 91;TEPHERES4_091,TEPHERES5_091;;;ja;nein;ja;ja;jordan;;nur Jordan
NO_MATCH;Heres;;92;Farbe 92;TEPHERES4_092,TEPHERES5_092;;;ja;nein;ja;ja;jordan;;nur Jordan
NO_MATCH;Heres;;173;Farbe 173;TEPHERES4_173,TEPHERES5_173;;;ja;nein;ja;ja;jordan;;nur Jordan
NO_MATCH;Heres;;174;Farbe 174;TEPHERES4_174,TEPHERES5_174;;;ja;nein;ja;ja;jordan;;nur Jordan
MATCH_POSSIBLE;Drago;MPlus Akzente 2029 2404-11 TR 400 cm;0;x 400,0;TEPDRAGO4,TEPDRRAGO5;;;ja;nein;ja;ja;jordan;;nur Jordan
MATCH_POSSIBLE;Drago;MPlus Akzente 2029 2404-11 TR 400 cm;11;Farbe 11;TEPDRAGO4_011,TEPDRRAGO5_011;11 Grau Hell;2059-000101;ja;ja;ja;ja;jordan;mplus;
MATCH_POSSIBLE;Drago;MPlus Akzente 2029 2404-11 TR 400 cm;13;Farbe 13;TEPDRAGO4_013,TEPDRRAGO5_013;13 Beige Hell;2059-000102;ja;ja;ja;ja;jordan;mplus;
MATCH_POSSIBLE;Drago;MPlus Akzente 2029 2404-11 TR 400 cm;14;Farbe 14;TEPDRAGO4_014,TEPDRRAGO5_014;14 Beige Mittel;2059-000103;ja;ja;ja;ja;jordan;mplus;
MATCH_POSSIBLE;Drago;MPlus Akzente 2029 2404-11 TR 400 cm;17;Farbe 17;TEPDRAGO4_017,TEPDRRAGO5_017;17 Braun Hell;2059-000104;ja;ja;ja;ja;jordan;mplus;
MATCH_POSSIBLE;Drago;MPlus Akzente 2029 2404-11 TR 400 cm;24;Farbe 24;TEPDRAGO4_024,TEPDRRAGO5_024;24 Grau Mittel;2059-000105;ja;ja;ja;ja;jordan;mplus;
MATCH_POSSIBLE;Drago;MPlus Akzente 2029 2404-11 TR 400 cm;32;;;32 Blau Hell;2059-000106;nein;ja;nein;nein;mplus;;nur M-Plus - kein Wunschmass/Kettelservice annehmen
MATCH_POSSIBLE;Drago;MPlus Akzente 2029 2404-11 TR 400 cm;43;;;43 Grün Hell;2059-000107;nein;ja;nein;nein;mplus;;nur M-Plus - kein Wunschmass/Kettelservice annehmen
NO_MATCH;Ares;;0;x 500,0;TEPARES4,TEPARES5;;;ja;nein;ja;ja;jordan;;nur Jordan
NO_MATCH;Ares;;21;Farbe 21;TEPARES4_021,TEPARES5_021;;;ja;nein;ja;ja;jordan;;nur Jordan
NO_MATCH;Ares;;33;Farbe 33;TEPARES4_033,TEPARES5_033;;;ja;nein;ja;ja;jordan;;nur Jordan
NO_MATCH;Ares;;36;Farbe 36;TEPARES4_036,TEPARES5_036;;;ja;nein;ja;ja;jordan;;nur Jordan
NO_MATCH;Ares;;49;Farbe 49;TEPARES4_049,TEPARES5_049;;;ja;nein;ja;ja;jordan;;nur Jordan
NO_MATCH;Ares;;54;Farbe 54;TEPARES4_054,TEPARES5_054;;;ja;nein;ja;ja;jordan;;nur Jordan
NO_MATCH;Ares;;74;Farbe 74;TEPARES4_074,TEPARES5_074;;;ja;nein;ja;ja;jordan;;nur Jordan
NO_MATCH;Ares;;80;Farbe 80;TEPARES4_080,TEPARES5_080;;;ja;nein;ja;ja;jordan;;nur Jordan
NO_MATCH;Ares;;95;Farbe 95;TEPARES4_095,TEPARES5_095;;;ja;nein;ja;ja;jordan;;nur Jordan
NO_MATCH;Ares;;98;Farbe 98;TEPARES4_098,TEPARES5_098;;;ja;nein;ja;ja;jordan;;nur Jordan
NO_MATCH;Ares;;99;Farbe 99;TEPARES4_099,TEPARES5_099;;;ja;nein;ja;ja;jordan;;nur Jordan
NO_MATCH;Leana;;0;x 400,0;TEPLEANA4,TEPLEANA5;;;ja;nein;ja;ja;jordan;;nur Jordan
NO_MATCH;Leana;;33;Farbe 33;TEPLEANA4_033,TEPLEANA5_033;;;ja;nein;ja;ja;jordan;;nur Jordan
NO_MATCH;Leana;;43;Farbe 43;TEPLEANA4_043,TEPLEANA5_043;;;ja;nein;ja;ja;jordan;;nur Jordan
NO_MATCH;Leana;;52;Farbe 52;TEPLEANA4_052,TEPLEANA5_052;;;ja;nein;ja;ja;jordan;;nur Jordan
NO_MATCH;Leana;;65;Farbe 65;TEPLEANA4_065,TEPLEANA5_065;;;ja;nein;ja;ja;jordan;;nur Jordan
NO_MATCH;Leana;;74;Farbe 74;TEPLEANA4_074,TEPLEANA5_074;;;ja;nein;ja;ja;jordan;;nur Jordan
NO_MATCH;Leana;;92;Farbe 92;TEPLEANA4_092,TEPLEANA5_092;;;ja;nein;ja;ja;jordan;;nur Jordan
NO_MATCH;Leana;;97;Farbe 97;TEPLEANA4_097,TEPLEANA5_097;;;ja;nein;ja;ja;jordan;;nur Jordan
NO_MATCH;Leana;;98;Farbe 98;TEPLEANA4_098,TEPLEANA5_098;;;ja;nein;ja;ja;jordan;;nur Jordan
NO_MATCH;Lima;;0;x 400,0;TEPLIM04,TEPLIM05;;;ja;nein;ja;ja;jordan;;nur Jordan
NO_MATCH;Lima;;810;Farbe 810;TEPLIM04_810,TEPLIM05_810;;;ja;nein;ja;ja;jordan;;nur Jordan
NO_MATCH;Lima;;812;Farbe 812;TEPLIM04_812,TEPLIM05_812;;;ja;nein;ja;ja;jordan;;nur Jordan
NO_MATCH;Lima;;814;Farbe 814;TEPLIM04_814,TEPLIM05_814;;;ja;nein;ja;ja;jordan;;nur Jordan
NO_MATCH;Lima;;815;Farbe 815;TEPLIM04_815,TEPLIM05_815;;;ja;nein;ja;ja;jordan;;nur Jordan
NO_MATCH;Filio;;0;x 500,0;TEPFILIO4,TEPFILIO5;;;ja;nein;ja;ja;jordan;;nur Jordan
NO_MATCH;Filio;;24;Farbe 24;TEPFILIO4_024,TEPFILIO5_024;;;ja;nein;ja;ja;jordan;;nur Jordan
NO_MATCH;Filio;;33;Farbe 33;TEPFILIO4_033,TEPFILIO5_033;;;ja;nein;ja;ja;jordan;;nur Jordan
NO_MATCH;Filio;;34;Farbe 34;TEPFILIO4_034,TEPFILIO5_034;;;ja;nein;ja;ja;jordan;;nur Jordan
NO_MATCH;Filio;;39;Farbe 39;TEPFILIO4_039,TEPFILIO5_039;;;ja;nein;ja;ja;jordan;;nur Jordan
NO_MATCH;Filio;;40;Farbe 40;TEPFILIO4_040,TEPFILIO5_040;;;ja;nein;ja;ja;jordan;;nur Jordan
NO_MATCH;Filio;;60;Farbe 60;TEPFILIO4_060,TEPFILIO5_060;;;ja;nein;ja;ja;jordan;;nur Jordan
NO_MATCH;Filio;;90;Farbe 90;TEPFILIO4_090,TEPFILIO5_090;;;ja;nein;ja;ja;jordan;;nur Jordan
NO_MATCH;Filio;;95;Farbe 95;TEPFILIO4_095,TEPFILIO5_095;;;ja;nein;ja;ja;jordan;;nur Jordan
NO_MATCH;;;20;Farbe 20;;;;ja;nein;ja;ja;jordan;;nur Jordan
NO_MATCH;;;40;Farbe 40;;;;ja;nein;ja;ja;jordan;;nur Jordan
NO_MATCH;;;50;Farbe 50;;;;ja;nein;ja;ja;jordan;;nur Jordan
NO_MATCH;;;78;Farbe 78;;;;ja;nein;ja;ja;jordan;;nur Jordan
NO_MATCH;;;81;Farbe 81;;;;ja;nein;ja;ja;jordan;;nur Jordan
NO_MATCH;;;90;Farbe 90;;;;ja;nein;ja;ja;jordan;;nur Jordan
NO_MATCH;;;94;Farbe 94;;;;ja;nein;ja;ja;jordan;;nur Jordan
NO_MATCH;;;175;Farbe 175;;;;ja;nein;ja;ja;jordan;;nur Jordan
NO_MATCH;;;176;Farbe 176;;;;ja;nein;ja;ja;jordan;;nur Jordan
NO_MATCH;;;177;Farbe 177;;;;ja;nein;ja;ja;jordan;;nur Jordan
NO_MATCH;;;182;Farbe 182;;;;ja;nein;ja;ja;jordan;;nur Jordan
NO_MATCH;;;274;Farbe 274               n.m.l.;TEPRAVEL04_274,TEPRAVEL05_274;;;ja;nein;ja;ja;jordan;;nur Jordan
NO_MATCH;;;50;Farbe 50;;;;ja;nein;ja;ja;jordan;;nur Jordan
NO_MATCH;;;69;Farbe 69;;;;ja;nein;ja;ja;jordan;;nur Jordan
NO_MATCH;;;72;Farbe 72;;;;ja;nein;ja;ja;jordan;;nur Jordan
NO_MATCH;;;73;Farbe 73;;;;ja;nein;ja;ja;jordan;;nur Jordan
NO_MATCH;;;74;Farbe 74;;;;ja;nein;ja;ja;jordan;;nur Jordan
NO_MATCH;;;75;Farbe 75;;;;ja;nein;ja;ja;jordan;;nur Jordan
NO_MATCH;;;76;Farbe 76;;;;ja;nein;ja;ja;jordan;;nur Jordan
NO_MATCH;;;78;Farbe 78;;;;ja;nein;ja;ja;jordan;;nur Jordan
NO_MATCH;;;79;Farbe 79;;;;ja;nein;ja;ja;jordan;;nur Jordan
NO_MATCH;;;81;Farbe 81;;;;ja;nein;ja;ja;jordan;;nur Jordan
NO_MATCH;;;82;Farbe 82;;;;ja;nein;ja;ja;jordan;;nur Jordan
NO_MATCH;;;96;Farbe 96;;;;ja;nein;ja;ja;jordan;;nur Jordan
NO_MATCH;;;240;Farbe 240;;;;ja;nein;ja;ja;jordan;;nur Jordan
NO_MATCH;;;273;Farbe 273;TEPPANAM4_273,TEPPANAM5_273;;;ja;nein;ja;ja;jordan;;nur Jordan
NO_MATCH;;;274;Farbe 274;TEPPANAM4_274,TEPPANAM5_274;;;ja;nein;ja;ja;jordan;;nur Jordan
NO_MATCH;;;277;Farbe 277;TEPPANAM4_277,TEPPANAM5_277;;;ja;nein;ja;ja;jordan;;nur Jordan
NO_MATCH;;;4;Farbe 4;;;;ja;nein;ja;ja;jordan;;nur Jordan
NO_MATCH;;;27;Farbe 27;TEPBRASI04_027,TEPBRASI05_027;;;ja;nein;ja;ja;jordan;;nur Jordan
NO_MATCH;;;30;Farbe 30;;;;ja;nein;ja;ja;jordan;;nur Jordan
NO_MATCH;;;35;Farbe 35;;;;ja;nein;ja;ja;jordan;;nur Jordan
NO_MATCH;;;40;Farbe 40;;;;ja;nein;ja;ja;jordan;;nur Jordan
NO_MATCH;;;41;Farbe 41;;;;ja;nein;ja;ja;jordan;;nur Jordan
NO_MATCH;;;49;Farbe 49;;;;ja;nein;ja;ja;jordan;;nur Jordan
NO_MATCH;;;77;Farbe 77;;;;ja;nein;ja;ja;jordan;;nur Jordan
NO_MATCH;;;81;Farbe 81;;;;ja;nein;ja;ja;jordan;;nur Jordan
NO_MATCH;;;91;Farbe 91;;;;ja;nein;ja;ja;jordan;;nur Jordan
NO_MATCH;;;92;Farbe 92;;;;ja;nein;ja;ja;jordan;;nur Jordan
NO_MATCH;;;95;Farbe 95;;;;ja;nein;ja;ja;jordan;;nur Jordan
NO_MATCH;;;98;Farbe 98;;;;ja;nein;ja;ja;jordan;;nur Jordan
NO_MATCH;;;99;Farbe 99;;;;ja;nein;ja;ja;jordan;;nur Jordan
